date,temperature,humidity,pressure,wind_speed,cloud_cover,sunshine_hours,rainfall_mm,rain
2020-01-01,24.98,48.92,1019.24,8.47,21.84,8.44,0.0,0
2020-01-02,20.67,48.39,1016.43,8.58,33.64,7.21,0.0,0
2020-01-03,26.4,65.94,1022.83,9.1,28.48,8.21,0.0,0
2020-01-04,27.01,56.99,1005.26,11.4,32.61,7.03,0.0,0
2020-01-05,17.76,52.11,1011.67,8.89,5.37,9.36,0.0,0
2020-01-06,19.83,58.5,1010.68,9.62,0.0,10.99,0.0,0
2020-01-07,24.41,35.05,1003.13,12.69,22.65,8.83,0.0,0
2020-01-08,22.99,53.63,1018.3,10.15,31.15,10.46,0.0,0
2020-01-09,23.95,71.99,1011.64,11.54,39.44,7.74,5.61,1
2020-01-10,21.27,55.21,1016.69,9.59,19.39,10.27,0.0,0
2020-01-11,26.81,54.63,1024.8,8.77,45.34,5.44,0.0,0
2020-01-12,26.49,58.95,1011.23,9.8,21.81,9.31,6.29,1
2020-01-13,24.21,62.08,1010.89,12.08,34.57,6.75,0.0,0
2020-01-14,27.61,36.04,1013.59,9.66,25.89,8.82,0.0,0
2020-01-15,25.5,38.87,1017.93,9.1,41.7,7.85,0.0,0
2020-01-16,21.25,55.91,1010.16,11.77,22.39,8.69,3.9,1
2020-01-17,25.18,47.58,1009.84,14.27,14.52,12.18,0.0,0
2020-01-18,20.93,65.82,1018.28,9.99,11.2,11.28,0.0,0
2020-01-19,26.81,51.18,1014.89,8.89,44.7,8.19,0.0,0
2020-01-20,23.84,36.6,1002.77,8.73,23.88,9.43,0.0,0
2020-01-21,23.41,42.6,1006.87,12.13,26.81,10.38,1.4,1
2020-01-22,21.82,29.27,1020.5,8.29,55.84,4.12,0.0,0
2020-01-23,27.91,51.91,1015.01,11.01,29.05,9.72,0.0,0
2020-01-24,23.51,52.32,1009.19,10.22,8.07,8.64,0.0,0
2020-01-25,22.63,50.2,1012.14,11.97,21.56,8.03,0.0,0
2020-01-26,22.87,63.73,1013.06,9.11,17.12,9.75,0.0,0
2020-01-27,25.7,64.8,1016.67,14.22,25.1,9.89,0.0,0
2020-01-28,25.17,52.48,1006.2,10.61,19.83,7.46,0.0,0
2020-01-29,25.32,34.8,1008.79,11.5,10.01,9.05,0.0,0
2020-01-30,25.38,59.57,1014.36,11.18,9.93,9.79,0.0,0
2020-01-31,30.85,59.01,1012.5,10.54,48.51,6.23,0.0,0
2020-02-01,26.7,51.92,1015.83,10.9,28.92,9.12,0.0,0
2020-02-02,26.36,57.97,1006.82,8.04,24.64,12.57,0.0,0
2020-02-03,25.4,38.66,1014.75,11.19,29.31,8.56,0.0,0
2020-02-04,29.97,67.22,1018.43,8.93,37.58,6.49,0.0,0
2020-02-05,31.61,40.5,1015.4,9.87,23.82,6.96,0.0,0
2020-02-06,27.64,55.88,1013.66,10.54,35.6,7.14,0.0,0
2020-02-07,25.31,33.95,1012.49,12.11,19.23,7.77,0.0,0
2020-02-08,25.36,40.77,1008.79,8.93,29.06,8.64,0.0,0
2020-02-09,30.08,62.79,1012.61,9.37,39.39,7.76,0.0,0
2020-02-10,30.38,46.79,1019.27,9.52,24.99,7.86,0.0,0
2020-02-11,29.74,56.7,1012.37,10.26,24.17,10.87,0.0,0
2020-02-12,25.87,51.27,1008.52,9.6,44.65,5.9,4.48,1
2020-02-13,28.74,48.19,1010.51,10.91,17.25,8.92,0.0,0
2020-02-14,28.37,61.41,1013.97,8.37,34.11,8.42,0.0,0
2020-02-15,28.7,47.01,1011.1,9.75,28.35,9.21,0.0,0
2020-02-16,30.79,33.11,1015.39,13.5,9.21,11.27,0.0,0
2020-02-17,28.72,41.91,1015.58,9.6,10.33,10.15,0.0,0
2020-02-18,30.17,54.1,1017.41,10.64,21.35,9.98,0.0,0
2020-02-19,28.22,52.7,1020.09,11.69,18.96,8.12,0.0,0
2020-02-20,28.93,35.04,1017.95,10.58,0.0,11.6,0.0,0
2020-02-21,30.02,42.62,1008.3,14.61,12.66,10.53,0.0,0
2020-02-22,23.34,43.9,1008.45,10.09,25.13,10.22,0.0,0
2020-02-23,26.98,45.85,1012.59,11.01,38.94,5.25,0.0,0
2020-02-24,26.49,36.76,1010.71,10.33,25.87,7.26,0.0,0
2020-02-25,25.96,43.48,1007.28,12.78,0.0,11.49,0.0,0
2020-02-26,27.12,42.58,1010.76,9.42,29.45,4.86,0.0,0
2020-02-27,32.78,56.08,1010.59,14.96,19.52,9.46,2.28,1
2020-02-28,25.23,56.42,1009.61,9.16,32.81,9.04,0.0,0
2020-02-29,31.1,47.83,1011.39,13.85,23.13,7.88,0.0,0
2020-03-01,25.54,42.67,1018.69,8.94,19.8,8.33,3.77,1
2020-03-02,29.86,47.46,1013.79,11.19,22.99,7.3,0.0,0
2020-03-03,31.45,38.85,1025.16,10.06,20.41,8.17,0.0,0
2020-03-04,32.8,35.87,1013.65,11.74,36.93,6.83,0.0,0
2020-03-05,33.2,37.73,1011.35,10.79,19.98,8.02,0.0,0
2020-03-06,33.47,40.48,1012.82,11.61,35.5,6.66,4.33,1
2020-03-07,29.81,35.72,1014.08,8.91,31.61,7.54,8.73,1
2020-03-08,29.45,47.65,1014.97,8.55,33.07,7.4,12.53,1
2020-03-09,33.67,52.76,1023.18,8.8,3.32,12.47,0.0,0
2020-03-10,30.32,31.91,1008.57,8.78,32.3,7.33,0.0,0
2020-03-11,26.85,46.42,1017.09,8.91,17.93,9.42,0.0,0
2020-03-12,27.3,44.22,1013.84,9.33,32.26,7.12,0.0,0
2020-03-13,27.99,49.27,1004.94,9.32,12.43,8.76,0.0,0
2020-03-14,32.52,46.08,1016.65,10.1,8.33,7.76,0.0,0
2020-03-15,31.38,33.11,1019.14,9.09,43.99,4.95,0.0,0
2020-03-16,33.14,34.83,1008.51,9.16,6.57,8.5,0.0,0
2020-03-17,29.56,46.46,1012.75,9.78,38.8,7.49,0.0,0
2020-03-18,31.44,55.45,1004.17,12.09,29.22,9.36,4.57,1
2020-03-19,32.93,26.27,1006.5,9.51,9.96,7.53,0.0,0
2020-03-20,29.94,49.31,1018.04,10.0,24.51,7.8,0.0,0
2020-03-21,32.39,56.9,1010.47,10.24,11.37,7.91,0.0,0
2020-03-22,28.81,44.82,1007.25,8.99,23.03,8.26,0.0,0
2020-03-23,29.77,51.15,1013.95,9.62,11.79,10.81,0.0,0
2020-03-24,29.71,39.87,1010.19,9.23,15.99,8.63,0.0,0
2020-03-25,27.1,45.12,1010.44,11.84,35.36,7.5,0.0,0
2020-03-26,32.49,31.61,1016.5,11.63,20.96,10.5,0.0,0
2020-03-27,29.43,25.1,1006.99,9.14,0.0,11.05,0.0,0
2020-03-28,30.97,54.68,1008.27,9.97,38.42,6.39,0.0,0
2020-03-29,32.47,37.33,1013.57,11.12,19.97,9.03,0.0,0
2020-03-30,32.36,42.1,1017.65,10.58,15.02,8.26,0.0,0
2020-03-31,33.06,33.72,1018.99,10.78,28.25,8.65,0.0,0
2020-04-01,31.68,34.98,1008.81,9.41,21.45,9.33,0.0,0
2020-04-02,30.65,46.1,1016.82,14.23,13.14,7.76,0.0,0
2020-04-03,31.74,41.1,1008.22,9.72,50.21,6.53,17.8,1
2020-04-04,26.6,51.07,1021.27,9.69,30.15,7.85,0.0,0
2020-04-05,27.37,51.74,1006.47,9.14,29.6,8.69,0.0,0
2020-04-06,27.77,50.55,1018.78,10.25,24.9,9.42,0.0,0
2020-04-07,28.81,49.81,1008.85,12.79,45.19,7.31,13.83,1
2020-04-08,33.28,61.87,1022.2,10.98,28.09,7.8,0.0,0
2020-04-09,29.1,38.06,1015.09,10.36,4.83,11.22,0.0,0
2020-04-10,30.79,47.17,1007.06,11.87,19.92,7.79,0.0,0
2020-04-11,36.16,57.86,1009.53,12.72,50.48,4.71,0.0,0
2020-04-12,30.86,59.05,1016.04,12.04,44.55,2.95,12.46,1
2020-04-13,34.36,34.87,1017.4,8.84,20.26,8.73,0.0,0
2020-04-14,29.01,44.85,1011.78,11.89,45.62,5.71,0.0,0
2020-04-15,31.34,59.89,1012.36,11.27,43.81,7.33,6.79,1
2020-04-16,28.96,52.24,1015.93,9.53,27.4,5.85,0.0,0
2020-04-17,30.92,49.42,1012.8,11.28,27.53,7.43,0.0,0
2020-04-18,34.69,45.71,1005.67,12.8,32.41,8.36,0.0,0
2020-04-19,26.47,44.21,1008.07,9.76,16.68,7.87,0.0,0
2020-04-20,33.39,50.26,1013.31,12.21,30.1,8.48,5.56,1
2020-04-21,32.76,45.39,1018.21,11.02,32.01,7.16,6.98,1
2020-04-22,30.1,,1020.22,8.59,6.86,9.89,0.0,0
2020-04-23,27.37,48.37,1016.04,10.46,26.79,8.98,0.0,0
2020-04-24,32.23,41.56,1013.57,10.95,22.45,9.77,3.79,1
2020-04-25,30.31,52.46,1015.88,10.08,44.33,6.92,3.07,1
2020-04-26,32.74,73.89,1008.8,11.09,15.99,8.19,11.51,1
2020-04-27,32.07,31.67,1011.37,10.31,17.27,8.51,0.0,0
2020-04-28,37.13,50.58,1008.02,16.41,23.91,9.27,7.05,1
2020-04-29,31.23,40.82,1005.89,10.0,38.56,6.06,0.0,0
2020-04-30,28.72,52.86,1013.81,9.56,30.57,7.74,0.0,0
2020-05-01,31.5,56.67,1011.36,13.15,67.81,4.39,13.31,1
2020-05-02,31.63,63.11,1013.87,11.21,55.77,5.73,5.4,1
2020-05-03,35.28,66.83,1013.16,11.45,43.39,5.67,18.94,1
2020-05-04,33.6,57.98,1011.65,11.33,48.12,4.27,8.16,1
2020-05-05,32.07,66.44,1013.22,13.01,43.96,7.46,26.21,1
2020-05-06,35.61,35.15,1010.22,10.38,46.59,7.77,17.01,1
2020-05-07,27.12,70.57,1012.5,13.27,32.97,5.6,8.84,1
2020-05-08,28.88,59.63,1006.8,12.49,34.99,8.03,0.0,0
2020-05-09,27.96,65.95,1012.28,15.84,54.28,7.28,0.0,0
2020-05-10,29.68,45.27,1013.77,11.88,55.6,6.58,16.85,1
2020-05-11,26.52,48.78,1007.08,10.43,12.51,8.96,0.0,0
2020-05-12,32.96,57.57,1010.69,11.9,62.7,4.14,0.0,0
2020-05-13,30.22,56.1,1007.31,12.11,42.39,7.06,26.06,1
2020-05-14,26.22,58.8,1007.8,14.11,20.86,9.06,18.7,1
2020-05-15,27.68,66.01,1004.81,10.43,9.36,9.84,0.0,0
2020-05-16,31.93,40.37,1016.76,10.07,17.73,8.81,0.0,0
2020-05-17,33.61,65.02,1015.76,11.93,47.71,5.23,10.24,1
2020-05-18,37.32,56.33,1013.12,16.02,43.46,7.39,0.0,0
2020-05-19,40.25,54.42,1020.29,12.8,51.74,6.75,18.29,1
2020-05-20,32.25,43.01,1009.49,12.93,31.58,8.11,12.15,1
2020-05-21,27.76,60.78,1025.59,10.19,31.78,7.99,11.36,1
2020-05-22,24.11,34.53,1009.29,11.65,29.79,10.03,0.0,0
2020-05-23,31.78,62.09,1011.71,14.17,47.17,5.82,10.03,1
2020-05-24,28.33,42.82,1008.44,12.13,41.64,8.57,0.0,0
2020-05-25,29.6,56.73,1012.29,10.03,34.22,6.77,0.0,0
2020-05-26,28.97,55.18,1014.61,11.62,55.55,7.2,0.0,0
2020-05-27,30.48,66.78,1009.86,12.64,40.62,8.59,16.45,1
2020-05-28,34.34,54.65,1019.32,11.46,32.3,7.46,0.0,0
2020-05-29,31.43,50.01,1011.63,10.53,34.61,9.61,0.0,0
2020-05-30,30.42,51.69,1011.78,13.22,56.34,6.37,0.88,1
2020-05-31,27.61,67.71,1005.89,11.01,47.37,5.5,0.0,0
2020-06-01,22.64,76.41,1009.78,14.02,62.6,4.83,15.08,1
2020-06-02,26.44,68.11,1007.02,13.3,80.18,5.18,10.19,1
2020-06-03,27.83,69.46,1004.64,12.69,96.56,3.56,9.87,1
2020-06-04,33.66,57.48,1003.8,18.21,66.4,3.7,6.71,1
2020-06-05,28.42,75.08,1021.04,12.56,87.11,3.07,16.61,1
2020-06-06,31.14,55.75,1006.37,13.43,76.42,4.38,2.5,1
2020-06-07,26.4,78.35,1000.4,13.29,64.57,4.51,18.26,1
2020-06-08,24.21,72.74,1004.19,13.6,70.43,7.46,18.5,1
2020-06-09,24.91,93.07,1007.43,17.88,61.95,5.62,24.5,1
2020-06-10,25.68,61.68,1010.42,14.36,62.78,5.19,70.45,1
2020-06-11,34.81,70.66,1010.46,12.68,61.07,6.84,1.14,1
2020-06-12,25.37,87.77,1011.07,16.57,71.16,4.13,17.93,1
2020-06-13,30.68,82.31,1004.46,14.74,64.35,6.35,20.42,1
2020-06-14,25.11,65.32,1009.39,12.7,63.24,3.23,0.0,0
2020-06-15,30.98,73.6,1003.31,16.04,77.37,3.51,10.75,1
2020-06-16,29.23,71.6,1004.59,11.9,68.05,6.09,8.49,1
2020-06-17,27.5,74.12,1003.1,12.07,46.43,8.52,18.73,1
2020-06-18,27.87,65.3,1001.74,11.72,57.26,4.8,26.31,1
2020-06-19,25.9,70.78,1013.01,11.54,49.51,5.31,4.59,1
2020-06-20,29.43,57.2,1011.13,15.82,66.73,5.62,0.0,0
2020-06-21,26.54,72.8,1012.57,13.63,76.65,3.36,29.97,1
2020-06-22,24.08,75.63,1007.88,11.76,74.64,3.96,7.5,1
2020-06-23,23.91,69.54,1011.57,13.26,58.5,6.68,0.82,1
2020-06-24,28.55,57.05,998.88,15.07,66.7,4.29,6.06,1
2020-06-25,33.05,80.48,1012.0,12.38,67.22,2.54,5.48,1
2020-06-26,28.51,74.87,1008.57,12.86,56.18,4.26,6.35,1
2020-06-27,27.62,65.05,1010.82,18.43,76.5,4.14,38.95,1
2020-06-28,28.91,69.06,1009.59,12.98,79.17,1.67,0.0,0
2020-06-29,32.18,58.08,1002.75,11.8,76.26,3.79,32.54,1
2020-06-30,28.7,62.36,1000.2,12.61,57.81,4.01,10.03,1
2020-07-01,22.69,81.65,1001.8,13.18,100.0,4.13,42.95,1
2020-07-02,27.54,97.54,1008.18,16.0,90.11,5.59,1.75,1
2020-07-03,25.37,80.73,1008.81,13.71,97.96,1.07,6.7,1
2020-07-04,28.91,92.25,998.52,13.68,87.66,3.5,28.03,1
2020-07-05,24.59,81.64,1000.45,20.31,86.93,2.1,10.36,1
2020-07-06,20.08,88.72,1001.74,13.44,61.34,5.02,5.94,1
2020-07-07,19.62,85.22,1003.57,13.33,87.42,5.38,21.11,1
2020-07-08,29.28,94.35,998.55,13.56,96.37,1.91,21.47,1
2020-07-09,29.52,81.68,998.25,16.61,84.53,3.11,22.97,1
2020-07-10,23.43,72.34,1001.25,15.7,100.0,1.04,24.82,1
2020-07-11,22.77,74.05,1005.79,14.05,71.55,5.91,20.37,1
2020-07-12,28.68,81.7,999.45,13.95,82.54,0.0,14.85,1
2020-07-13,20.46,75.25,1004.78,15.54,75.4,3.69,16.95,1
2020-07-14,21.14,90.18,1010.65,15.15,86.1,3.27,28.3,1
2020-07-15,26.06,82.3,998.85,14.52,100.0,1.37,19.83,1
2020-07-16,22.74,100.0,1004.32,15.78,100.0,3.2,11.29,1
2020-07-17,23.98,70.85,1010.48,13.51,76.2,5.59,8.97,1
2020-07-18,23.48,88.32,1003.26,13.72,83.25,1.87,16.85,1
2020-07-19,25.08,76.34,1002.49,15.89,72.58,6.96,38.47,1
2020-07-20,28.5,82.05,1011.17,15.29,100.0,0.46,25.08,1
2020-07-21,24.29,87.76,1003.82,14.82,100.0,3.71,39.82,1
2020-07-22,26.06,65.56,1010.88,20.14,81.71,3.87,12.74,1
2020-07-23,17.44,88.62,1007.5,16.26,74.63,3.68,18.79,1
2020-07-24,23.84,,1003.64,14.08,80.57,3.29,20.84,1
2020-07-25,21.3,82.41,1007.75,13.8,92.39,2.76,29.19,1
2020-07-26,20.1,88.83,1006.96,15.38,100.0,2.42,12.76,1
2020-07-27,21.19,95.71,1010.46,17.26,68.9,3.65,25.04,1
2020-07-28,22.93,85.01,1002.61,13.12,87.08,2.96,37.03,1
2020-07-29,26.93,81.26,1005.56,15.25,100.0,1.24,15.46,1
2020-07-30,19.76,66.01,1005.05,14.3,80.45,2.34,8.05,1
2020-07-31,24.1,92.26,1008.88,15.08,100.0,1.19,37.87,1
2020-08-01,18.45,90.47,1000.23,13.29,100.0,0.79,26.63,1
2020-08-02,18.95,82.37,1010.44,17.26,76.06,3.66,4.75,1
2020-08-03,23.21,92.63,1007.69,18.11,90.66,3.46,15.73,1
2020-08-04,21.72,86.24,998.77,16.03,90.1,3.14,52.11,1
2020-08-05,24.28,86.73,1011.4,18.84,79.6,6.24,23.67,1
2020-08-06,19.51,96.95,1016.53,14.24,83.66,0.88,16.82,1
2020-08-07,17.77,,1010.36,15.2,100.0,2.73,7.2,1
2020-08-08,19.28,100.0,1012.49,16.07,84.85,3.44,7.19,1
2020-08-09,20.78,78.91,1005.78,15.41,100.0,3.15,27.98,1
2020-08-10,20.57,85.52,997.05,14.4,85.8,4.21,7.76,1
2020-08-11,16.53,100.0,996.13,14.54,97.22,2.2,20.95,1
2020-08-12,20.29,100.0,1006.63,17.78,100.0,2.37,15.43,1
2020-08-13,20.73,92.37,1002.4,14.74,86.57,2.39,20.07,1
2020-08-14,28.06,83.02,1000.78,17.09,97.81,3.09,14.46,1
2020-08-15,26.01,86.73,1005.04,14.66,65.38,2.8,22.92,1
2020-08-16,17.27,92.15,1008.43,17.07,99.97,3.1,31.41,1
2020-08-17,19.08,91.83,998.09,14.9,62.03,5.3,14.64,1
2020-08-18,15.32,90.67,1003.11,15.88,90.69,2.36,29.59,1
2020-08-19,18.11,91.21,1012.9,13.92,100.0,1.89,40.97,1
2020-08-20,21.01,89.56,999.98,15.2,100.0,1.98,20.83,1
2020-08-21,23.86,78.51,1009.7,13.93,71.65,6.09,27.5,1
2020-08-22,17.67,86.84,1002.93,14.21,76.82,7.98,5.96,1
2020-08-23,17.91,99.72,1008.08,14.31,88.49,4.59,14.87,1
2020-08-24,13.13,79.17,1010.84,14.51,91.23,2.22,0.0,0
2020-08-25,19.48,89.78,1009.06,16.73,66.85,5.68,11.09,1
2020-08-26,16.6,84.11,1009.9,14.16,90.71,3.75,15.01,1
2020-08-27,18.31,92.49,999.6,15.02,98.45,1.19,55.02,1
2020-08-28,17.19,87.99,1010.92,17.08,88.83,1.58,9.08,1
2020-08-29,19.7,100.0,1001.09,15.83,100.0,2.09,16.26,1
2020-08-30,14.38,96.05,1006.65,13.13,98.8,3.24,7.78,1
2020-08-31,15.31,79.68,1006.65,13.27,81.98,1.73,14.08,1
2020-09-01,23.89,91.29,1010.11,13.99,52.7,5.24,18.01,1
2020-09-02,12.95,78.27,1009.37,12.65,74.14,5.01,20.04,1
2020-09-03,13.56,80.05,1003.47,11.75,60.77,5.49,9.87,1
2020-09-04,22.95,88.07,1000.94,12.57,69.0,6.45,7.9,1
2020-09-05,26.37,80.82,1012.05,14.06,79.71,2.16,34.55,1
2020-09-06,13.32,93.28,1008.62,12.84,97.14,5.23,9.31,1
2020-09-07,15.89,78.27,1013.43,13.4,71.91,2.66,1.66,1
2020-09-08,18.16,79.67,1007.46,12.95,80.2,1.38,28.87,1
2020-09-09,22.6,79.34,1000.66,12.42,54.08,5.92,2.15,1
2020-09-10,13.91,80.15,1012.52,13.71,76.39,2.77,28.9,1
2020-09-11,16.29,95.14,1005.83,11.7,78.71,3.89,3.35,1
2020-09-12,19.56,90.9,1009.4,12.31,93.69,2.6,4.04,1
2020-09-13,18.46,100.0,1004.45,14.79,74.51,4.06,5.08,1
2020-09-14,15.87,100.0,1015.91,11.83,78.39,2.96,8.74,1
2020-09-15,16.64,75.97,1003.3,13.32,85.21,3.92,29.09,1
2020-09-16,12.67,85.88,1006.0,12.74,74.41,3.92,5.22,1
2020-09-17,16.31,74.66,1008.22,12.63,56.48,7.12,17.97,1
2020-09-18,16.22,78.25,1002.23,15.03,100.0,1.95,15.33,1
2020-09-19,17.81,79.57,1009.34,15.54,58.93,4.43,13.49,1
2020-09-20,15.29,75.73,1015.75,12.1,70.5,2.6,25.6,1
2020-09-21,18.58,75.78,1005.23,13.07,75.87,3.97,14.32,1
2020-09-22,20.31,83.95,1009.66,11.59,78.27,2.45,15.12,1
2020-09-23,17.57,74.29,993.94,14.88,68.27,3.19,21.24,1
2020-09-24,18.2,92.82,1007.49,13.24,76.12,4.79,8.98,1
2020-09-25,17.24,76.99,1006.12,11.8,68.81,2.63,12.72,1
2020-09-26,17.07,100.0,1003.59,12.35,67.03,6.61,0.0,0
2020-09-27,14.76,81.18,1013.09,12.04,100.0,2.36,23.96,1
2020-09-28,18.08,85.89,1006.05,12.3,72.75,4.38,11.54,1
2020-09-29,16.76,73.59,1006.8,11.62,78.2,2.74,12.56,1
2020-09-30,23.77,100.0,1005.8,16.29,77.18,4.99,17.68,1
2020-10-01,21.03,84.99,1000.85,10.41,51.74,6.19,7.74,1
2020-10-02,17.23,77.59,1004.77,11.6,47.32,5.73,4.76,1
2020-10-03,13.56,62.79,1015.24,12.33,26.88,8.5,0.0,0
2020-10-04,12.44,76.81,999.88,13.83,50.83,4.25,9.51,1
2020-10-05,19.81,64.82,1006.6,11.65,42.59,4.99,0.0,0
2020-10-06,16.84,88.07,1008.43,11.21,72.88,3.08,3.35,1
2020-10-07,17.54,82.2,1019.15,11.72,39.62,7.62,0.0,0
2020-10-08,10.42,75.77,1014.28,10.38,44.98,6.75,12.12,1
2020-10-09,18.97,52.99,1007.65,10.44,31.23,9.16,0.0,0
2020-10-10,17.45,66.06,1016.95,11.18,67.15,3.8,0.0,0
2020-10-11,12.45,81.1,1006.73,9.79,43.42,7.57,4.21,1
2020-10-12,14.49,85.83,1015.48,10.73,64.01,5.03,10.66,1
2020-10-13,16.84,84.9,1003.64,10.95,68.92,3.62,4.63,1
2020-10-14,16.17,60.59,1015.8,16.28,44.2,7.28,0.0,0
2020-10-15,15.07,77.63,1008.4,14.2,35.36,7.47,5.47,1
2020-10-16,15.67,84.05,1005.29,12.32,38.22,6.56,8.38,1
2020-10-17,15.19,59.99,1009.35,13.23,57.03,5.8,8.92,1
2020-10-18,16.49,74.84,1011.82,10.43,35.7,7.37,0.0,0
2020-10-19,20.71,77.38,1007.96,11.76,58.25,5.46,0.0,0
2020-10-20,7.79,72.21,1013.2,12.92,52.47,5.63,0.0,0
2020-10-21,15.24,58.24,1007.52,10.44,50.02,4.77,3.86,1
2020-10-22,16.56,71.98,1013.53,10.1,57.02,5.84,18.16,1
2020-10-23,16.95,71.97,1012.64,12.12,38.74,6.31,6.2,1
2020-10-24,14.81,73.58,1010.13,10.16,38.88,6.04,0.0,0
2020-10-25,10.38,69.84,1008.23,12.5,59.28,5.27,10.38,1
2020-10-26,17.05,70.93,1011.19,13.78,42.26,7.86,10.68,1
2020-10-27,21.53,74.56,1013.18,10.47,16.22,9.37,0.0,0
2020-10-28,11.09,78.9,1020.74,10.53,62.22,4.68,0.0,0
2020-10-29,18.76,72.17,1015.13,13.69,37.5,6.69,1.79,1
2020-10-30,14.95,71.23,1015.31,11.66,56.64,6.54,6.77,1
2020-10-31,15.8,75.74,1025.87,13.32,70.57,1.74,3.54,1
2020-11-01,13.7,49.04,1014.72,10.16,29.74,8.98,0.0,0
2020-11-02,16.0,,1014.56,10.26,51.54,3.96,4.48,1
2020-11-03,21.23,66.32,1015.66,10.56,38.78,5.57,4.07,1
2020-11-04,18.94,66.68,1007.09,14.33,57.57,5.09,0.0,0
2020-11-05,22.62,74.97,1009.92,12.06,26.61,10.89,0.55,1
2020-11-06,20.84,48.75,1009.61,9.63,29.3,10.07,0.0,0
2020-11-07,18.48,48.56,1015.38,10.82,38.08,8.17,1.03,1
2020-11-08,22.65,68.79,1011.27,10.07,35.35,7.98,0.0,0
2020-11-09,18.48,66.26,1012.83,9.85,51.74,3.95,1.4,1
2020-11-10,19.72,67.86,1017.57,11.38,31.81,8.04,0.0,0
2020-11-11,16.12,62.17,1016.45,10.98,61.94,4.68,6.75,1
2020-11-12,17.28,72.31,1011.33,9.41,66.89,3.95,0.0,0
2020-11-13,14.84,74.72,1008.79,10.56,43.98,7.02,0.0,0
2020-11-14,20.24,70.68,1017.81,9.81,45.8,6.12,0.0,0
2020-11-15,13.3,63.98,1016.01,11.25,51.29,7.27,0.0,0
2020-11-16,19.58,47.36,1004.11,9.77,13.39,7.06,3.52,1
2020-11-17,16.46,73.25,1010.57,10.27,22.64,8.7,0.0,0
2020-11-18,20.82,77.32,1012.97,9.88,57.74,4.63,5.26,1
2020-11-19,19.47,72.13,1016.03,8.9,42.79,6.44,0.0,0
2020-11-20,22.9,58.41,1016.69,14.14,30.52,8.32,0.0,0
2020-11-21,19.41,72.39,1013.56,10.54,39.48,5.87,4.84,1
2020-11-22,12.04,74.07,1015.06,14.27,9.02,9.95,0.0,0
2020-11-23,16.86,80.36,1012.46,10.61,40.2,6.9,8.31,1
2020-11-24,13.32,58.44,1008.77,11.75,23.69,7.73,0.0,0
2020-11-25,15.41,64.29,1010.83,9.69,47.87,5.95,0.0,0
2020-11-26,21.91,73.05,1012.23,9.72,52.55,5.94,14.96,1
2020-11-27,19.11,66.84,1011.96,10.46,44.5,5.87,0.0,0
2020-11-28,14.84,56.27,1002.71,14.23,37.7,7.37,0.0,0
2020-11-29,13.83,70.06,1010.15,9.44,18.89,8.59,3.31,1
2020-11-30,17.18,71.53,1012.42,8.81,46.65,5.88,7.48,1
2020-12-01,16.11,60.65,1011.39,12.15,38.04,9.24,4.11,1
2020-12-02,17.85,61.83,1011.56,11.48,46.54,7.12,3.55,1
2020-12-03,21.0,57.53,1015.24,9.53,56.08,5.37,0.0,0
2020-12-04,23.7,73.16,1007.4,15.31,13.11,9.58,2.0,1
2020-12-05,21.95,51.75,1004.66,15.52,21.07,7.51,0.0,0
2020-12-06,12.67,54.57,1011.06,8.46,17.65,8.5,0.0,0
2020-12-07,20.97,59.95,1016.62,9.26,31.81,7.47,0.0,0
2020-12-08,20.23,67.77,1021.24,10.03,33.02,6.25,8.68,1
2020-12-09,21.32,46.38,1016.71,10.78,20.82,9.23,0.0,0
2020-12-10,25.17,48.06,1005.46,10.5,37.93,6.73,0.0,0
2020-12-11,13.4,41.52,1011.64,10.12,7.5,9.45,0.0,0
2020-12-12,18.11,60.15,1014.08,8.9,16.11,8.47,1.86,1
2020-12-13,21.89,49.79,1013.69,11.03,11.98,13.0,0.0,0
2020-12-14,14.94,56.4,1015.5,11.15,23.39,7.76,0.0,0
2020-12-15,24.72,65.81,1008.21,11.96,16.05,6.68,4.76,1
2020-12-16,21.18,54.08,1013.12,8.8,26.47,6.37,0.0,0
2020-12-17,22.71,61.94,1014.9,9.8,28.25,9.06,0.0,0
2020-12-18,18.17,57.16,1016.93,9.47,18.17,10.59,0.0,0
2020-12-19,22.6,65.91,1008.77,8.79,43.42,6.06,5.94,1
2020-12-20,23.42,64.13,1011.07,9.78,30.55,9.49,0.0,0
2020-12-21,20.75,53.63,999.28,8.94,40.72,8.0,0.0,0
2020-12-22,20.75,58.34,1009.69,8.69,26.35,8.08,0.0,0
2020-12-23,20.87,69.25,1010.18,11.51,33.16,7.42,0.0,0
2020-12-24,17.24,63.4,1007.7,9.52,23.7,8.74,4.76,1
2020-12-25,19.53,47.28,1013.63,9.21,24.15,9.54,0.0,0
2020-12-26,19.51,65.76,1012.52,12.61,41.26,7.54,0.0,0
2020-12-27,21.23,50.09,1001.5,11.21,20.08,8.01,6.56,1
2020-12-28,23.2,72.57,1013.88,8.36,41.6,6.82,2.65,1
2020-12-29,16.61,69.07,1008.16,10.8,22.83,10.98,0.0,0
2020-12-30,19.6,62.46,1015.23,37.765,40.49,7.43,0.0,0
2020-12-31,24.74,61.27,1006.39,9.73,22.58,9.66,0.0,0
2021-01-01,21.62,52.13,1013.15,9.56,35.99,8.15,3.76,1
2021-01-02,21.37,60.12,1011.58,8.41,29.07,8.41,0.0,0
2021-01-03,24.65,50.68,1014.51,15.14,44.08,6.96,0.0,0
2021-01-04,26.7,56.14,1013.62,9.65,11.6,10.61,0.0,0
2021-01-05,24.04,61.86,1011.72,10.57,9.82,10.54,0.0,0
2021-01-06,28.25,48.96,1005.31,9.73,15.58,9.52,0.0,0
2021-01-07,26.74,48.47,1005.61,9.1,5.38,9.22,0.0,0
2021-01-08,26.69,43.27,1010.08,11.57,3.22,10.69,0.0,0
2021-01-09,25.77,44.44,1012.95,10.23,29.77,7.94,3.06,1
2021-01-10,31.45,37.56,1009.96,9.67,18.75,8.57,0.0,0
2021-01-11,23.34,60.58,1016.12,10.55,22.23,11.86,0.0,0
2021-01-12,17.59,70.3,1011.6,9.86,27.52,6.36,0.0,0
2021-01-13,29.13,66.84,1008.17,13.99,23.34,9.71,3.35,1
2021-01-14,22.54,39.38,1011.61,11.48,41.02,6.05,0.0,0
2021-01-15,24.35,60.54,1014.13,10.86,18.89,9.08,0.0,0
2021-01-16,28.19,66.81,1014.62,8.47,13.9,12.42,3.26,1
2021-01-17,18.87,49.9,1022.39,10.93,34.33,6.48,0.0,0
2021-01-18,19.99,54.93,1009.65,10.88,23.29,7.69,0.0,0
2021-01-19,18.88,35.94,1012.63,8.83,44.63,6.76,0.0,0
2021-01-20,21.46,56.42,1015.13,8.46,19.88,7.83,0.0,0
2021-01-21,25.41,44.44,1012.88,11.38,32.69,8.84,0.0,0
2021-01-22,25.68,55.81,1010.49,11.68,40.54,6.48,0.0,0
2021-01-23,24.88,39.96,1005.25,9.19,13.03,10.2,0.0,0
2021-01-24,19.48,58.9,1010.44,9.14,18.11,7.4,0.0,0
2021-01-25,16.61,63.24,1007.63,10.2,39.22,5.06,0.0,0
2021-01-26,24.17,46.97,1004.36,9.4,30.23,7.71,0.0,0
2021-01-27,22.49,43.78,1009.02,8.45,3.08,8.36,0.0,0
2021-01-28,25.47,34.61,1007.76,8.82,2.89,12.08,0.0,0
2021-01-29,26.25,51.62,1015.92,10.5,0.0,8.66,0.0,0
2021-01-30,24.44,48.78,1016.0,8.87,31.25,6.65,0.0,0
2021-01-31,26.43,40.06,1008.48,11.81,16.45,9.63,0.0,0
2021-02-01,28.73,53.22,1011.67,10.86,23.47,7.84,0.0,0
2021-02-02,29.7,45.09,1003.68,10.59,0.17,8.66,0.0,0
2021-02-03,25.75,39.46,1010.5,10.18,5.52,12.49,0.0,0
2021-02-04,27.43,44.15,1014.96,9.08,15.55,8.0,0.0,0
2021-02-05,28.63,58.78,1017.09,11.14,19.17,8.67,0.0,0
2021-02-06,30.63,54.57,1009.4,9.05,27.67,7.94,3.79,1
2021-02-07,26.74,47.97,1018.23,11.98,30.96,8.77,0.0,0
2021-02-08,29.67,54.71,1005.39,13.4,55.71,6.41,1.37,1
2021-02-09,27.15,38.69,1006.73,10.24,19.21,7.91,0.0,0
2021-02-10,27.62,49.43,1016.52,12.93,38.49,6.9,2.24,1
2021-02-11,30.65,50.46,1021.32,8.85,13.63,9.09,0.0,0
2021-02-12,21.62,44.91,1015.43,10.88,0.31,11.37,0.0,0
2021-02-13,23.85,53.06,1012.77,9.98,20.93,7.35,14.38,1
2021-02-14,23.26,42.12,1001.99,11.44,0.14,12.91,0.0,0
2021-02-15,20.53,53.73,1002.86,8.27,25.98,7.42,0.0,0
2021-02-16,25.83,54.11,1013.61,11.3,15.8,9.17,0.0,0
2021-02-17,30.4,22.88,1011.18,9.17,0.0,9.11,0.0,0
2021-02-18,27.09,59.85,1007.44,10.05,50.93,4.7,1.42,1
2021-02-19,28.63,21.71,1013.29,15.08,5.35,9.0,0.0,0
2021-02-20,31.49,43.59,1013.54,10.95,0.25,9.31,0.0,0
2021-02-21,32.25,58.37,1017.69,10.68,39.42,6.72,0.0,0
2021-02-22,27.78,46.28,1013.65,10.53,13.19,8.23,0.0,0
2021-02-23,32.33,35.94,1019.11,12.26,32.49,8.63,0.0,0
2021-02-24,28.29,39.3,1013.01,11.52,10.19,8.71,0.0,0
2021-02-25,25.32,58.38,1012.39,10.55,20.71,7.7,0.0,0
2021-02-26,26.1,31.85,1018.29,10.33,21.08,8.27,0.0,0
2021-02-27,23.26,59.3,1008.08,10.21,35.84,8.7,0.0,0
2021-02-28,25.16,48.64,1027.04,9.9,33.65,7.95,0.0,0
2021-03-01,29.78,35.46,1014.67,8.79,18.11,8.87,0.0,0
2021-03-02,33.5,40.95,1014.7,11.01,28.45,6.41,7.09,1
2021-03-03,36.43,37.04,1015.42,9.37,29.64,6.66,0.0,0
2021-03-04,26.51,53.99,1022.18,9.83,29.67,6.49,0.0,0
2021-03-05,32.19,52.79,1016.76,11.79,24.7,10.01,0.0,0
2021-03-06,27.6,30.72,1004.77,10.04,0.0,11.14,0.0,0
2021-03-07,32.45,42.56,1019.82,9.93,30.05,6.96,6.22,1
2021-03-08,30.51,38.43,1011.09,10.35,21.07,8.07,0.0,0
2021-03-09,25.07,57.84,1013.33,9.66,23.3,7.57,0.0,0
2021-03-10,33.9,34.04,1006.4,15.08,35.29,6.5,3.63,1
2021-03-11,28.99,,1015.43,14.46,11.29,10.11,4.38,1
2021-03-12,29.22,45.9,1009.54,14.35,45.03,6.4,3.1,1
2021-03-13,27.5,35.74,1013.3,10.64,19.11,11.41,0.0,0
2021-03-14,28.83,40.1,1011.38,9.31,25.35,9.89,9.12,1
2021-03-15,32.3,38.98,1022.42,11.86,15.62,10.77,0.0,0
2021-03-16,30.32,34.72,1022.71,9.67,0.0,11.31,0.0,0
2021-03-17,31.98,47.05,1013.03,12.09,22.33,8.13,2.95,1
2021-03-18,32.09,35.14,1013.12,9.26,23.5,9.26,0.0,0
2021-03-19,35.15,26.57,1010.93,10.77,24.34,8.05,0.0,0
2021-03-20,29.83,42.78,1018.33,12.48,19.78,10.81,0.0,0
2021-03-21,26.2,29.97,1011.15,9.74,0.0,10.99,0.0,0
2021-03-22,34.34,39.43,1010.69,9.74,0.9,10.74,0.0,0
2021-03-23,29.87,38.01,1017.69,8.63,47.03,6.73,0.0,0
2021-03-24,34.49,38.35,1010.11,9.29,6.29,12.06,0.0,0
2021-03-25,32.16,64.2,1012.61,10.6,49.9,4.62,5.7,1
2021-03-26,30.51,46.7,1004.89,10.88,11.86,11.72,0.0,0
2021-03-27,32.04,48.4,1016.32,11.18,22.34,8.41,0.0,0
2021-03-28,37.17,30.21,1022.5,8.45,25.2,6.71,0.0,0
2021-03-29,37.57,40.31,1016.4,9.68,10.65,8.71,0.0,0
2021-03-30,31.15,48.13,1020.11,8.7,45.3,4.74,6.7,1
2021-03-31,31.44,36.98,1008.57,10.51,20.9,9.54,0.0,0
2021-04-01,35.44,55.84,1013.32,8.95,38.37,6.06,0.0,0
2021-04-02,29.29,36.84,1007.42,9.28,20.92,8.96,0.0,0
2021-04-03,33.07,45.09,1011.0,12.0,36.43,8.83,5.41,1
2021-04-04,31.92,42.39,1016.0,9.82,47.26,5.76,7.5,1
2021-04-05,33.0,49.14,1012.65,13.48,27.86,7.86,0.0,0
2021-04-06,29.33,41.9,1005.07,11.65,49.02,4.85,0.0,0
2021-04-07,26.91,45.23,1005.56,10.16,19.98,8.37,0.0,0
2021-04-08,25.37,45.54,1005.23,12.38,37.99,10.42,0.0,0
2021-04-09,28.42,41.06,1014.59,10.28,32.53,8.72,0.0,0
2021-04-10,30.53,52.03,1022.46,11.87,16.89,8.77,0.0,0
2021-04-11,31.06,49.81,1018.95,9.65,32.63,7.05,0.0,0
2021-04-12,38.2,46.87,1002.66,12.54,28.71,8.06,0.0,0
2021-04-13,35.54,43.79,1019.24,8.99,16.23,9.3,0.0,0
2021-04-14,28.92,54.83,1016.82,9.28,36.61,6.95,0.0,0
2021-04-15,33.11,45.54,1004.41,9.41,29.96,8.64,0.57,1
2021-04-16,30.7,44.91,1010.62,9.76,26.85,7.12,3.05,1
2021-04-17,31.09,48.61,1017.62,11.08,28.45,6.98,0.0,0
2021-04-18,32.59,62.94,1014.89,10.53,34.19,8.09,5.13,1
2021-04-19,33.98,35.6,1005.59,11.89,19.1,7.51,0.0,0
2021-04-20,30.91,54.59,1015.19,12.93,33.68,8.57,0.0,0
2021-04-21,35.4,30.63,1001.45,8.94,13.42,9.36,0.0,0
2021-04-22,28.35,49.62,1011.02,13.29,64.31,2.95,0.0,0
2021-04-23,32.02,61.84,1017.83,10.25,16.58,9.25,0.0,0
2021-04-24,40.31,52.06,1012.23,14.69,23.2,6.54,0.0,0
2021-04-25,32.71,49.2,1009.64,9.61,23.02,9.41,0.0,0
2021-04-26,36.59,42.62,1016.58,8.82,53.36,5.76,18.19,1
2021-04-27,32.29,47.95,1017.01,11.67,11.91,11.73,5.17,1
2021-04-28,33.86,45.4,1018.69,11.53,33.53,8.99,0.0,0
2021-04-29,31.82,40.59,1016.51,9.3,29.21,6.79,0.0,0
2021-04-30,31.45,45.06,1017.54,9.38,32.19,5.39,0.0,0
2021-05-01,28.43,58.04,1014.1,13.13,61.1,4.5,3.32,1
2021-05-02,32.31,49.35,1011.76,12.24,57.19,4.27,0.0,0
2021-05-03,28.2,,1010.88,11.18,35.37,9.74,9.93,1
2021-05-04,33.06,44.01,1009.25,12.43,41.66,7.02,13.4,1
2021-05-05,34.4,59.77,1004.37,12.05,21.52,9.83,0.0,0
2021-05-06,32.1,61.16,1005.66,10.53,47.63,6.19,24.31,1
2021-05-07,30.01,58.34,1009.02,13.32,34.83,7.38,0.0,0
2021-05-08,32.38,64.94,1011.64,12.83,45.51,6.67,0.0,0
2021-05-09,29.94,57.04,1017.64,11.63,22.7,9.94,0.0,0
2021-05-10,33.92,59.78,1010.22,13.13,51.03,6.62,15.33,1
2021-05-11,25.07,58.99,1015.45,16.26,23.37,7.28,6.41,1
2021-05-12,29.85,55.43,1015.83,10.43,45.86,8.63,17.62,1
2021-05-13,24.56,51.48,1009.27,11.24,26.33,7.95,0.0,0
2021-05-14,26.14,76.18,1013.41,11.3,41.6,6.49,3.84,1
2021-05-15,35.29,52.19,1009.21,13.08,57.58,2.31,0.0,0
2021-05-16,33.79,50.26,1017.04,10.81,49.41,7.14,12.19,1
2021-05-17,28.63,60.16,1013.61,12.95,60.86,5.55,22.39,1
2021-05-18,26.12,58.52,1004.48,10.93,65.51,5.16,23.57,1
2021-05-19,21.44,43.61,1011.24,10.35,28.92,7.61,0.0,0
2021-05-20,29.19,66.36,1018.67,11.72,68.01,4.14,15.97,1
2021-05-21,38.67,55.41,1009.53,10.91,24.87,7.98,0.0,0
2021-05-22,32.32,46.25,1012.67,11.88,49.78,6.91,34.36,1
2021-05-23,29.14,66.95,1013.16,12.3,42.36,7.74,2.65,1
2021-05-24,32.42,61.88,1005.25,10.04,34.55,7.34,0.0,0
2021-05-25,25.93,44.87,1012.99,11.04,47.49,7.68,0.0,0
2021-05-26,29.98,72.25,1003.46,11.72,63.28,5.13,6.11,1
2021-05-27,31.25,62.18,1007.3,13.15,58.67,5.01,0.0,0
2021-05-28,30.65,56.16,1015.81,12.85,47.04,6.82,4.39,1
2021-05-29,33.46,70.57,1012.22,10.6,52.01,4.53,5.04,1
2021-05-30,32.03,57.69,1008.91,11.37,51.73,6.47,0.0,0
2021-05-31,33.07,56.0,1012.66,12.4,48.12,4.64,3.73,1
2021-06-01,25.8,65.64,1007.39,12.99,74.14,3.09,11.12,1
2021-06-02,30.87,76.82,1007.75,12.4,74.45,1.87,5.13,1
2021-06-03,33.21,75.87,1010.97,13.25,82.36,3.43,13.4,1
2021-06-04,24.9,71.72,1004.05,13.93,48.5,8.39,8.7,1
2021-06-05,25.16,64.47,1007.89,12.23,64.91,4.95,17.34,1
2021-06-06,32.27,72.75,1006.12,14.33,52.1,6.93,18.97,1
2021-06-07,27.39,70.96,999.76,13.53,72.93,7.25,34.22,1
2021-06-08,32.49,59.58,1003.08,14.41,85.9,3.83,49.76,1
2021-06-09,26.58,58.34,1015.53,13.22,57.87,4.76,0.0,0
2021-06-10,32.66,76.67,1009.61,17.33,73.39,3.63,20.51,1
2021-06-11,28.42,48.17,1001.07,13.89,69.6,4.7,8.57,1
2021-06-12,28.83,73.43,999.98,14.65,43.5,6.12,18.58,1
2021-06-13,33.01,67.28,1007.13,14.32,61.0,4.75,18.03,1
2021-06-14,26.84,83.36,1015.49,13.07,79.28,5.08,17.63,1
2021-06-15,24.99,,1006.75,13.73,30.07,9.23,21.62,1
2021-06-16,26.56,77.52,1014.22,12.55,59.39,3.57,14.03,1
2021-06-17,29.45,68.01,1009.45,17.04,82.41,2.65,9.27,1
2021-06-18,22.99,72.61,1010.04,14.1,83.07,3.02,13.51,1
2021-06-19,30.04,78.22,1001.01,12.35,77.25,4.78,47.36,1
2021-06-20,26.28,67.42,1012.37,16.2,79.32,5.26,7.92,1
2021-06-21,31.67,80.55,1006.01,13.13,76.16,7.4,9.86,1
2021-06-22,20.34,62.64,1012.0,14.98,73.06,3.85,6.77,1
2021-06-23,25.48,74.24,1003.62,11.75,66.61,4.45,2.07,1
2021-06-24,22.6,79.89,1008.57,15.62,74.59,4.99,0.0,0
2021-06-25,25.36,77.52,1009.45,14.02,63.87,4.36,19.47,1
2021-06-26,28.79,88.83,1006.92,12.28,93.27,2.56,5.86,1
2021-06-27,27.43,64.71,1009.71,13.98,86.49,2.79,0.0,0
2021-06-28,27.19,59.17,1006.35,16.67,82.33,0.49,16.97,1
2021-06-29,27.49,62.64,1004.44,12.58,60.54,5.6,25.36,1
2021-06-30,28.65,77.53,1015.71,12.57,59.7,5.31,15.84,1
2021-07-01,20.77,90.97,1010.6,14.5,100.0,3.69,14.26,1
2021-07-02,26.26,87.41,1001.55,14.88,99.34,2.23,12.15,1
2021-07-03,26.12,76.38,1008.2,16.6,91.91,1.34,19.78,1
2021-07-04,25.23,93.39,1001.64,15.58,86.54,2.98,21.08,1
2021-07-05,25.78,75.47,999.43,14.5,92.79,0.26,10.8,1
2021-07-06,24.95,96.92,1010.52,15.26,82.15,2.2,13.98,1
2021-07-07,30.51,100.0,996.83,18.7,100.0,2.93,53.44,1
2021-07-08,23.72,89.79,1009.99,15.93,100.0,1.87,17.63,1
2021-07-09,23.02,91.74,1004.09,14.64,100.0,3.27,18.97,1
2021-07-10,21.59,82.05,1004.3,14.46,99.23,0.0,45.15,1
2021-07-11,20.7,70.2,1007.4,15.15,67.07,4.62,21.28,1
2021-07-12,20.02,81.06,1008.26,16.57,92.17,2.25,16.03,1
2021-07-13,21.16,76.65,1001.22,13.9,100.0,3.31,32.01,1
2021-07-14,23.77,73.47,1008.94,16.23,75.12,5.05,0.0,0
2021-07-15,25.07,100.0,1005.92,14.62,96.79,3.21,19.32,1
2021-07-16,24.16,88.94,999.08,14.83,100.0,4.02,20.52,1
2021-07-17,21.55,89.91,1004.51,21.84,100.0,1.72,12.99,1
2021-07-18,26.88,83.71,1012.26,15.99,100.0,3.77,6.18,1
2021-07-19,26.37,84.93,1013.74,14.12,81.7,2.44,24.61,1
2021-07-20,23.49,95.17,1008.94,15.47,82.66,2.31,4.15,1
2021-07-21,21.91,86.2,999.4,16.7,100.0,3.07,6.43,1
2021-07-22,25.75,91.27,1007.81,16.01,78.34,2.17,13.84,1
2021-07-23,24.6,84.73,1009.61,13.01,88.58,3.81,12.79,1
2021-07-24,19.37,83.41,1008.98,14.76,89.73,3.14,26.47,1
2021-07-25,23.78,73.83,1009.28,15.55,100.0,3.45,31.28,1
2021-07-26,24.84,,1007.17,15.4,92.39,2.73,58.39,1
2021-07-27,21.12,84.14,1004.99,14.21,96.83,2.5,3.53,1
2021-07-28,24.61,87.0,1002.31,16.05,86.86,3.87,22.62,1
2021-07-29,19.34,74.91,995.87,17.09,100.0,1.37,21.97,1
2021-07-30,28.28,86.18,1007.05,13.23,100.0,1.32,20.07,1
2021-07-31,27.99,86.97,1006.29,13.19,100.0,2.74,24.6,1
2021-08-01,19.19,72.09,1008.14,15.45,87.13,3.2,28.26,1
2021-08-02,21.16,83.25,998.67,16.24,73.65,3.87,40.45,1
2021-08-03,12.29,95.15,1008.58,14.04,87.23,3.13,20.5,1
2021-08-04,16.3,94.97,1015.63,13.02,92.67,4.69,48.67,1
2021-08-05,19.06,81.11,1005.75,14.79,82.67,3.08,20.61,1
2021-08-06,16.57,92.92,1005.05,15.42,94.37,2.07,11.46,1
2021-08-07,22.29,100.0,1006.9,14.4,100.0,0.12,19.3,1
2021-08-08,26.39,98.48,1015.52,16.77,100.0,2.12,8.13,1
2021-08-09,16.23,90.63,1000.24,15.31,91.56,3.66,8.49,1
2021-08-10,17.32,87.28,1006.37,13.93,76.5,5.13,14.75,1
2021-08-11,20.75,85.83,1001.36,14.04,100.0,2.3,13.2,1
2021-08-12,25.16,95.7,1002.62,14.82,95.11,3.72,39.71,1
2021-08-13,16.09,93.25,1005.11,14.31,72.27,5.35,14.61,1
2021-08-14,20.8,97.15,1012.09,13.16,100.0,3.5,7.16,1
2021-08-15,25.83,92.68,1014.36,15.16,100.0,3.35,16.78,1
2021-08-16,14.71,98.86,1007.6,14.06,65.54,6.92,20.46,1
2021-08-17,15.9,92.34,1003.47,14.25,83.62,3.33,18.12,1
2021-08-18,18.64,98.55,1017.82,13.6,95.51,0.95,6.85,1
2021-08-19,18.33,99.33,1003.22,18.22,100.0,2.96,42.58,1
2021-08-20,22.6,84.25,1002.5,15.86,84.24,4.42,3.13,1
2021-08-21,20.77,75.22,996.48,19.1,76.33,6.02,17.92,1
2021-08-22,14.32,100.0,1012.34,14.39,100.0,3.7,6.65,1
2021-08-23,21.65,93.8,1010.2,15.98,88.86,5.43,33.27,1
2021-08-24,18.15,76.06,1017.44,15.19,94.55,3.36,22.69,1
2021-08-25,24.08,85.06,998.41,13.97,76.83,4.37,20.46,1
2021-08-26,17.99,98.44,1012.65,14.38,79.32,2.23,13.77,1
2021-08-27,17.96,88.97,1005.71,15.86,100.0,2.54,40.15,1
2021-08-28,21.73,86.88,1009.39,13.6,95.33,1.89,13.75,1
2021-08-29,22.44,100.0,997.12,16.79,100.0,2.42,51.5,1
2021-08-30,21.43,82.06,1012.7,15.05,83.1,3.64,8.28,1
2021-08-31,14.61,84.31,1009.29,16.44,80.63,4.35,16.87,1
2021-09-01,18.79,87.15,1007.49,13.97,93.83,2.56,21.55,1
2021-09-02,13.76,88.76,1010.91,11.78,57.01,6.87,18.48,1
2021-09-03,17.82,89.71,1003.86,13.31,93.48,0.0,12.35,1
2021-09-04,12.52,93.45,1004.79,15.39,95.95,2.73,2.79,1
2021-09-05,18.5,87.03,1005.37,13.57,87.27,4.67,14.62,1
2021-09-06,14.49,89.65,998.42,13.35,68.25,7.06,9.71,1
2021-09-07,12.97,82.91,1011.99,13.57,63.74,6.07,7.98,1
2021-09-08,19.36,85.81,1013.64,11.67,72.84,6.45,0.0,0
2021-09-09,17.85,86.21,1004.18,15.68,58.91,5.79,2.22,1
2021-09-10,15.11,87.18,1009.43,11.5,63.65,5.2,0.0,0
2021-09-11,21.72,92.2,1006.36,16.29,86.64,3.92,0.71,1
2021-09-12,15.66,90.24,1009.33,12.84,85.88,3.34,18.58,1
2021-09-13,17.17,85.64,1004.55,14.11,61.86,4.41,22.59,1
2021-09-14,17.93,77.96,1003.27,11.64,81.07,3.13,14.47,1
2021-09-15,15.09,85.85,1012.95,14.76,81.5,2.37,9.0,1
2021-09-16,18.58,84.99,1007.37,14.37,94.86,3.23,30.88,1
2021-09-17,15.36,86.98,1017.8,14.24,83.47,3.56,32.27,1
2021-09-18,15.75,100.0,1007.92,11.62,95.3,2.13,16.49,1
2021-09-19,21.43,80.53,1003.06,12.38,79.56,3.19,35.5,1
2021-09-20,13.74,89.05,1013.82,13.98,89.67,3.63,6.42,1
2021-09-21,9.35,94.86,1010.84,15.6,62.64,6.22,11.78,1
2021-09-22,22.23,86.13,1011.32,12.25,74.12,2.97,1.21,1
2021-09-23,25.23,100.0,1013.64,12.27,81.03,2.2,4.85,1
2021-09-24,15.77,81.84,1004.42,13.86,70.74,5.75,4.46,1
2021-09-25,10.87,88.16,1007.05,19.87,82.33,1.99,18.5,1
2021-09-26,16.08,78.06,1006.83,12.53,80.56,4.44,5.15,1
2021-09-27,16.16,82.08,1001.23,12.83,79.11,5.85,0.0,0
2021-09-28,16.46,87.49,1006.37,12.66,73.98,6.28,7.48,1
2021-09-29,13.51,92.86,1014.37,13.16,68.97,5.64,8.27,1
2021-09-30,18.93,88.12,1008.87,15.83,90.81,3.78,4.02,1
2021-10-01,17.68,86.25,1003.7,11.52,61.42,8.08,0.0,0
2021-10-02,11.22,74.06,1002.65,18.68,38.52,4.49,10.28,1
2021-10-03,18.24,71.92,1018.76,11.79,48.34,5.91,2.07,1
2021-10-04,22.57,99.25,1009.98,14.4,39.68,8.21,13.58,1
2021-10-05,16.55,78.46,1007.2,11.2,54.07,5.59,4.0,1
2021-10-06,14.92,68.44,1009.06,10.27,46.82,8.09,5.4,1
2021-10-07,15.55,68.67,1003.05,11.52,42.03,6.95,11.72,1
2021-10-08,17.97,66.43,1017.55,12.56,69.15,4.9,5.44,1
2021-10-09,10.46,83.34,1008.47,10.68,40.63,6.78,3.25,1
2021-10-10,16.53,71.63,1017.27,13.91,59.92,4.88,8.66,1
2021-10-11,14.75,76.06,1010.69,10.99,81.03,3.09,17.23,1
2021-10-12,21.91,74.34,1017.58,10.43,65.88,5.34,0.0,0
2021-10-13,15.44,,1011.72,17.6,54.47,5.03,5.03,1
2021-10-14,21.34,67.29,1014.7,10.63,34.17,8.8,3.75,1
2021-10-15,12.47,65.23,1014.03,10.96,30.35,8.76,0.0,0
2021-10-16,17.88,76.93,1013.55,12.9,47.62,7.85,15.95,1
2021-10-17,17.02,80.32,1012.17,11.16,45.46,5.36,4.38,1
2021-10-18,13.22,77.91,1009.27,10.45,44.02,4.79,22.72,1
2021-10-19,16.57,67.63,1020.01,10.85,44.82,6.76,11.62,1
2021-10-20,19.88,81.01,1005.9,16.2,53.35,9.53,7.94,1
2021-10-21,14.96,68.22,1010.45,12.63,55.61,7.38,4.97,1
2021-10-22,10.59,70.22,1010.51,13.05,34.06,7.0,8.75,1
2021-10-23,15.94,66.42,1012.44,12.06,39.68,7.7,3.23,1
2021-10-24,13.11,86.62,1008.28,12.36,54.96,6.79,2.14,1
2021-10-25,14.9,80.61,1012.01,11.07,51.97,4.53,11.7,1
2021-10-26,15.74,80.36,1009.59,11.84,78.28,5.62,7.91,1
2021-10-27,10.54,86.14,1002.52,9.87,59.85,5.31,13.92,1
2021-10-28,10.83,100.0,1010.48,13.5,41.68,6.92,10.04,1
2021-10-29,17.54,59.53,1004.93,11.06,51.09,6.27,4.9,1
2021-10-30,14.33,68.27,1001.76,10.33,56.42,7.17,15.82,1
2021-10-31,7.79,69.37,1011.12,11.94,48.16,5.58,5.38,1
2021-11-01,19.58,58.67,1014.58,10.28,17.8,6.97,0.0,0
2021-11-02,17.94,56.63,1014.77,12.34,55.57,6.26,3.58,1
2021-11-03,14.79,63.63,1014.97,10.49,21.75,6.24,0.0,0
2021-11-04,12.86,55.38,1002.47,9.77,40.78,6.74,14.45,1
2021-11-05,19.75,69.34,1005.33,10.52,40.65,8.54,0.0,0
2021-11-06,18.19,66.79,1022.01,47.949999999999996,44.79,7.46,0.0,0
2021-11-07,24.7,70.66,1006.9,12.43,60.79,6.68,1.77,1
2021-11-08,18.42,70.9,1015.19,11.56,46.01,7.41,0.0,0
2021-11-09,18.31,71.75,1008.7,12.55,31.8,10.74,1.99,1
2021-11-10,16.54,62.97,1012.54,11.72,49.75,5.65,0.0,0
2021-11-11,19.69,85.42,1008.97,9.5,36.6,7.93,0.0,0
2021-11-12,19.07,68.44,1014.95,12.01,39.8,6.66,2.6,1
2021-11-13,21.08,49.56,1012.82,12.87,12.94,10.57,0.0,0
2021-11-14,15.4,57.3,1009.9,13.03,19.57,8.8,0.0,0
2021-11-15,15.68,50.66,1006.89,9.32,30.88,9.99,0.0,0
2021-11-16,15.54,66.48,1013.48,9.9,41.64,6.39,0.0,0
2021-11-17,19.6,65.23,1006.07,9.74,14.2,11.01,0.0,0
2021-11-18,21.87,62.11,1014.27,10.13,41.48,7.75,9.83,1
2021-11-19,15.6,84.42,1025.27,11.34,33.74,7.65,0.0,0
2021-11-20,15.71,71.27,1018.89,10.83,55.5,6.53,6.71,1
2021-11-21,18.08,72.86,1015.73,10.83,34.96,7.9,11.1,1
2021-11-22,16.29,57.95,1011.71,9.14,18.66,9.37,0.0,0
2021-11-23,20.12,57.33,1002.44,9.86,34.0,7.42,4.9,1
2021-11-24,9.87,66.66,1005.53,46.375,25.02,7.57,5.79,1
2021-11-25,14.43,67.88,1018.55,12.86,53.94,5.6,3.6,1
2021-11-26,14.57,49.62,1008.19,10.46,29.78,6.0,9.97,1
2021-11-27,9.65,64.7,1008.64,12.01,34.13,8.67,3.46,1
2021-11-28,13.99,66.45,1011.31,11.17,44.53,5.31,0.8,1
2021-11-29,14.14,64.39,1006.83,12.28,22.91,8.33,0.0,0
2021-11-30,16.43,59.01,1006.0,12.12,16.95,9.86,0.0,0
2021-12-01,23.56,55.0,1012.55,10.17,32.79,8.77,0.0,0
2021-12-02,19.22,58.26,1008.34,11.16,14.56,7.16,7.68,1
2021-12-03,16.7,60.67,1009.09,10.88,15.57,9.09,0.0,0
2021-12-04,19.82,65.3,1008.89,10.21,42.69,7.49,8.13,1
2021-12-05,23.36,69.58,1015.41,9.89,40.44,7.19,0.0,0
2021-12-06,16.88,57.21,1011.64,14.14,12.11,11.1,0.0,0
2021-12-07,17.09,55.75,1011.91,10.21,19.75,7.87,0.0,0
2021-12-08,21.79,63.79,1015.78,11.45,19.43,6.42,0.0,0
2021-12-09,19.29,65.35,1012.09,13.85,54.93,6.9,0.0,0
2021-12-10,22.07,55.95,1011.41,11.15,39.66,6.55,1.17,1
2021-12-11,19.96,66.97,1015.15,11.06,27.04,6.14,0.0,0
2021-12-12,22.25,68.67,1016.14,10.22,40.72,6.92,1.92,1
2021-12-13,16.69,71.48,1012.06,10.91,16.78,10.58,0.0,0
2021-12-14,19.96,75.86,1013.2,9.77,27.5,6.69,0.0,0
2021-12-15,19.33,52.06,1008.89,17.95,27.61,11.0,0.0,0
2021-12-16,16.11,59.98,1008.5,8.74,35.46,6.54,0.0,0
2021-12-17,15.0,59.96,1016.64,9.97,28.3,8.25,0.0,0
2021-12-18,22.19,58.97,1015.02,11.19,32.38,6.34,0.0,0
2021-12-19,18.88,54.01,1015.08,11.06,28.09,8.21,0.0,0
2021-12-20,16.73,46.49,1014.2,9.77,21.78,8.52,0.0,0
2021-12-21,19.69,60.69,1013.03,8.54,26.02,6.54,0.0,0
2021-12-22,23.61,52.94,1016.28,8.84,21.08,12.13,0.0,0
2021-12-23,12.7,60.63,1017.47,10.53,32.86,7.17,0.0,0
2021-12-24,15.21,52.71,1017.35,8.42,31.86,7.25,0.0,0
2021-12-25,17.05,49.96,1012.29,11.34,27.95,9.33,0.0,0
2021-12-26,24.68,61.96,1019.73,12.69,15.09,11.42,0.0,0
2021-12-27,20.9,61.21,1013.94,11.74,17.11,10.43,0.0,0
2021-12-28,22.46,65.07,1015.96,12.23,36.9,5.98,0.0,0
2021-12-29,16.35,79.53,1014.21,8.43,56.92,6.01,3.9,1
2021-12-30,16.42,62.35,1014.03,9.82,32.55,5.53,0.0,0
2021-12-31,21.43,64.22,1009.12,9.02,26.01,9.41,0.0,0
2022-01-01,24.19,44.32,1016.5,8.49,24.56,6.49,0.0,0
2022-01-02,25.76,42.43,1027.22,9.43,6.07,9.03,0.0,0
2022-01-03,23.4,68.26,1011.12,13.63,48.71,6.44,1.46,1
2022-01-04,24.89,45.7,1013.35,14.65,24.65,8.98,0.0,0
2022-01-05,24.51,44.62,1010.77,9.0,13.06,9.1,0.0,0
2022-01-06,26.49,53.66,1010.56,10.2,23.4,10.37,1.84,1
2022-01-07,26.58,53.2,1020.72,10.76,18.52,9.82,2.79,1
2022-01-08,18.82,45.89,1009.63,9.71,39.35,7.99,3.85,1
2022-01-09,16.81,51.27,1010.63,12.78,21.93,7.2,0.0,0
2022-01-10,27.21,65.08,1005.06,9.45,32.38,9.84,2.71,1
2022-01-11,27.8,46.76,1009.21,9.26,30.12,7.03,0.0,0
2022-01-12,20.73,41.47,1004.45,9.05,10.81,11.68,0.0,0
2022-01-13,18.05,62.5,1016.16,9.7,31.79,10.28,0.0,0
2022-01-14,24.32,58.45,1026.99,8.1,31.14,8.52,2.24,1
2022-01-15,26.98,48.43,1011.16,9.76,3.16,11.47,0.0,0
2022-01-16,29.75,39.78,1004.66,10.3,23.02,4.88,0.0,0
2022-01-17,25.65,47.31,1017.5,10.4,22.3,8.41,0.0,0
2022-01-18,22.81,53.52,1009.36,8.85,27.19,9.56,3.28,1
2022-01-19,21.14,64.51,1019.49,10.37,30.58,9.06,2.25,1
2022-01-20,24.04,44.69,1011.59,10.33,25.16,6.94,0.0,0
2022-01-21,23.04,53.25,1009.84,10.37,42.78,6.58,0.0,0
2022-01-22,20.75,60.09,1012.11,11.66,12.93,6.38,0.0,0
2022-01-23,30.56,32.58,1016.79,8.82,12.26,9.97,0.0,0
2022-01-24,29.71,63.32,1011.86,9.72,38.29,5.05,13.53,1
2022-01-25,27.64,43.37,1010.51,8.39,27.49,9.57,0.0,0
2022-01-26,21.05,57.0,1012.0,11.43,32.94,9.17,0.0,0
2022-01-27,26.74,56.24,1006.64,8.94,62.44,4.73,0.0,0
2022-01-28,26.05,63.78,1014.98,12.05,37.8,7.98,0.0,0
2022-01-29,25.42,58.97,1004.06,12.15,42.5,6.7,0.0,0
2022-01-30,28.0,32.62,1010.78,9.86,12.73,9.73,0.0,0
2022-01-31,26.03,46.95,1016.79,9.78,9.84,8.3,0.0,0
2022-02-01,30.37,50.38,1014.48,8.58,20.3,9.56,5.99,1
2022-02-02,30.04,47.38,1015.92,10.16,32.38,5.83,0.0,0
2022-02-03,29.09,53.44,1012.64,11.66,30.96,5.72,0.0,0
2022-02-04,22.29,56.24,1018.82,10.61,32.09,7.68,0.0,0
2022-02-05,28.27,54.62,1017.59,13.18,23.38,8.3,0.0,0
2022-02-06,26.22,47.21,1015.2,9.59,18.19,9.31,0.0,0
2022-02-07,23.9,32.52,1017.61,9.59,14.55,8.51,0.0,0
2022-02-08,33.38,45.04,1016.72,9.01,31.56,10.13,0.0,0
2022-02-09,33.53,52.89,1010.77,15.48,36.37,7.66,0.0,0
2022-02-10,32.35,39.32,1006.25,8.58,6.66,10.22,0.0,0
2022-02-11,28.82,54.82,1015.07,11.48,36.16,7.72,0.0,0
2022-02-12,32.32,57.31,1015.7,11.71,18.84,10.13,3.71,1
2022-02-13,28.04,50.28,1018.42,11.6,30.44,8.65,0.0,0
2022-02-14,28.65,21.56,1008.29,9.09,9.79,10.21,0.0,0
2022-02-15,24.5,37.64,1008.44,9.87,39.39,8.1,0.0,0
2022-02-16,29.27,66.11,1015.27,11.15,25.56,6.18,0.0,0
2022-02-17,28.19,44.22,1012.61,9.3,24.12,6.35,0.0,0
2022-02-18,23.83,31.28,1003.54,9.68,24.25,8.39,0.0,0
2022-02-19,27.84,60.26,1014.84,9.32,17.17,8.83,22.07,1
2022-02-20,27.74,49.26,1003.71,10.27,22.97,9.28,0.0,0
2022-02-21,33.75,59.08,1008.24,10.16,24.57,8.48,0.0,0
2022-02-22,30.86,51.63,1019.73,13.8,18.23,9.68,0.0,0
2022-02-23,28.04,53.27,1022.09,11.19,19.88,7.35,0.0,0
2022-02-24,28.8,52.41,1006.89,8.71,39.69,7.18,0.0,0
2022-02-25,28.14,55.42,1011.32,8.77,18.72,7.33,3.96,1
2022-02-26,27.35,69.64,1013.18,11.52,39.84,7.64,2.12,1
2022-02-27,24.54,57.88,1021.87,10.15,31.62,5.61,0.0,0
2022-02-28,27.52,34.92,1010.5,15.19,0.0,10.92,0.0,0
2022-03-01,28.54,50.22,1010.41,15.29,32.22,6.05,7.43,1
2022-03-02,26.93,56.47,1020.54,9.11,9.73,9.23,0.0,0
2022-03-03,32.56,57.02,1010.92,10.74,36.5,8.53,0.0,0
2022-03-04,32.18,42.36,1016.41,8.88,15.58,9.47,0.0,0
2022-03-05,25.21,56.68,1005.41,11.59,28.3,6.17,0.0,0
2022-03-06,30.54,54.55,1011.94,14.45,10.47,8.82,0.0,0
2022-03-07,34.11,69.35,1004.5,10.48,35.1,5.77,13.76,1
2022-03-08,34.32,39.45,1007.52,9.65,33.0,5.72,0.0,0
2022-03-09,34.21,41.63,1016.99,10.94,11.38,9.69,0.0,0
2022-03-10,31.05,43.44,1012.55,12.09,14.74,9.94,0.0,0
2022-03-11,28.22,41.78,1011.2,12.11,27.84,8.71,0.0,0
2022-03-12,27.46,38.19,1009.05,9.66,26.66,9.0,0.0,0
2022-03-13,32.03,21.33,1011.7,9.38,0.0,10.49,0.0,0
2022-03-14,32.14,42.28,1014.3,10.64,48.34,6.14,0.0,0
2022-03-15,35.05,49.52,1017.71,9.75,32.05,6.54,8.57,1
2022-03-16,34.45,41.76,999.67,12.91,30.98,7.39,0.0,0
2022-03-17,30.51,63.61,1008.64,9.73,29.24,6.48,0.0,0
2022-03-18,26.95,46.32,1013.59,10.36,0.0,9.49,0.0,0
2022-03-19,29.91,,1012.3,10.89,37.44,7.49,2.6,1
2022-03-20,31.62,48.55,1014.82,8.7,17.43,8.91,0.0,0
2022-03-21,30.28,53.63,1014.14,9.47,33.98,11.35,0.0,0
2022-03-22,29.08,48.71,1011.27,15.09,22.0,7.05,0.0,0
2022-03-23,31.74,58.51,1010.16,11.97,32.06,7.68,0.0,0
2022-03-24,29.32,46.7,1011.57,9.71,13.92,7.63,0.0,0
2022-03-25,28.92,50.66,1018.54,11.6,36.9,6.96,0.0,0
2022-03-26,31.92,49.49,1009.14,12.85,9.72,9.27,0.0,0
2022-03-27,29.64,43.6,1012.48,9.91,51.89,7.19,0.0,0
2022-03-28,31.71,49.84,1013.72,11.85,54.41,5.43,0.22,1
2022-03-29,31.8,66.31,1020.6,11.5,53.46,5.82,0.0,0
2022-03-30,27.28,43.76,1011.3,8.89,39.35,6.7,0.0,0
2022-03-31,29.39,49.97,1017.59,9.92,24.27,6.8,0.0,0
2022-04-01,36.6,58.99,1018.3,14.42,48.87,5.65,0.0,0
2022-04-02,28.28,57.93,1011.82,15.38,32.01,7.37,5.07,1
2022-04-03,25.23,47.77,1011.08,12.41,8.8,9.86,0.0,0
2022-04-04,26.04,26.22,1010.49,9.84,39.48,7.88,1.85,1
2022-04-05,32.09,52.32,1010.86,30.59,45.58,6.42,2.67,1
2022-04-06,32.1,27.69,1016.41,9.7,20.15,8.52,0.0,0
2022-04-07,31.62,60.9,1013.29,9.21,18.58,6.89,0.0,0
2022-04-08,35.89,49.19,1013.31,14.7,21.97,9.32,0.0,0
2022-04-09,23.45,56.66,1006.51,8.91,9.05,8.91,0.0,0
2022-04-10,33.27,39.55,1007.3,9.33,37.83,8.24,0.0,0
2022-04-11,37.0,33.69,1022.85,11.02,2.24,11.89,0.0,0
2022-04-12,28.39,50.01,1011.25,10.65,33.66,7.47,0.0,0
2022-04-13,30.78,47.36,1008.26,14.23,17.85,7.78,0.0,0
2022-04-14,29.59,43.24,1019.29,11.77,8.54,9.77,0.0,0
2022-04-15,29.14,48.43,1013.55,10.44,32.37,8.22,0.0,0
2022-04-16,30.96,72.57,1015.03,13.38,35.07,7.2,0.0,0
2022-04-17,36.57,55.18,1011.45,10.09,43.0,6.24,0.0,0
2022-04-18,37.88,57.11,1010.54,14.53,16.44,9.81,0.0,0
2022-04-19,30.92,55.26,1011.29,9.57,22.29,9.24,0.0,0
2022-04-20,38.1,60.98,1005.22,10.6,3.5,9.79,6.72,1
2022-04-21,32.11,45.96,1011.7,8.79,0.0,8.52,0.0,0
2022-04-22,37.61,29.17,1013.62,12.55,44.56,7.33,0.0,0
2022-04-23,31.7,45.97,1021.39,10.92,55.32,4.97,0.0,0
2022-04-24,32.42,54.97,1012.57,14.54,33.22,7.99,0.0,0
2022-04-25,33.17,38.94,1000.47,10.28,14.57,9.47,0.0,0
2022-04-26,42.17,46.08,1011.67,9.11,24.4,6.2,0.0,0
2022-04-27,34.72,41.44,1025.83,11.48,37.69,7.46,9.5,1
2022-04-28,29.74,61.18,1016.47,9.91,27.94,8.79,0.0,0
2022-04-29,35.1,54.41,1008.08,12.16,34.87,8.36,0.0,0
2022-04-30,30.84,53.53,1015.09,9.59,31.25,8.04,0.0,0
2022-05-01,29.36,61.85,1006.72,14.92,39.24,4.86,15.74,1
2022-05-02,33.84,55.92,1003.66,11.84,37.3,8.92,20.54,1
2022-05-03,31.03,58.03,1008.69,11.51,48.84,6.92,0.0,0
2022-05-04,31.82,45.59,1010.89,14.68,27.1,6.8,0.0,0
2022-05-05,30.97,36.58,1001.07,13.65,41.89,6.06,2.52,1
2022-05-06,32.01,57.6,1004.69,10.78,38.72,7.55,8.39,1
2022-05-07,32.29,59.17,1010.48,13.57,47.16,7.39,0.0,0
2022-05-08,24.73,67.14,1008.39,13.03,66.84,4.34,8.77,1
2022-05-09,33.06,70.4,1012.41,11.59,48.03,7.49,0.0,0
2022-05-10,27.79,70.38,1004.36,13.36,62.17,3.17,0.0,0
2022-05-11,26.31,47.27,1014.0,14.9,17.21,7.81,0.0,0
2022-05-12,30.74,53.08,1004.51,11.64,36.83,4.95,1.17,1
2022-05-13,31.2,60.58,1018.65,11.64,46.46,5.55,15.96,1
2022-05-14,28.71,79.04,1001.85,11.56,78.85,5.74,2.49,1
2022-05-15,33.59,69.57,1004.97,10.74,24.4,10.94,0.0,0
2022-05-16,26.63,66.33,1012.52,11.62,47.26,6.84,4.98,1
2022-05-17,29.63,52.76,1018.75,11.45,61.75,4.59,5.17,1
2022-05-18,29.06,48.3,1012.01,11.37,30.74,7.67,0.0,0
2022-05-19,30.78,63.35,1013.25,11.35,44.5,7.36,0.0,0
2022-05-20,31.82,46.35,1010.52,10.39,44.43,4.92,0.0,0
2022-05-21,27.7,54.11,1005.3,13.93,45.78,6.0,0.0,0
2022-05-22,33.25,55.22,1007.98,10.94,64.2,6.87,0.0,0
2022-05-23,31.13,70.59,1004.37,15.1,56.13,4.57,3.99,1
2022-05-24,24.87,53.06,1004.04,10.55,60.2,4.58,24.45,1
2022-05-25,24.66,34.3,1012.44,15.94,30.38,7.98,0.0,0
2022-05-26,30.89,60.79,1004.82,11.22,36.56,7.79,0.0,0
2022-05-27,30.22,49.96,1012.03,13.61,38.7,6.52,0.0,0
2022-05-28,30.6,56.64,1003.92,11.96,29.37,8.14,0.0,0
2022-05-29,30.84,55.47,1011.91,10.29,50.24,7.04,2.98,1
2022-05-30,31.65,53.79,1007.99,10.33,38.23,9.67,18.94,1
2022-05-31,33.96,63.37,1017.47,10.85,38.53,7.14,6.85,1
2022-06-01,24.44,57.79,1009.3,12.86,70.29,4.59,0.0,0
2022-06-02,24.25,66.93,1013.86,13.4,52.78,7.93,18.65,1
2022-06-03,24.5,77.74,1003.91,14.06,82.2,2.99,31.65,1
2022-06-04,28.92,66.06,1007.97,13.2,61.06,3.82,8.04,1
2022-06-05,31.98,57.11,1002.78,13.96,78.59,4.25,14.8,1
2022-06-06,26.62,77.6,1005.62,14.27,67.02,6.21,13.37,1
2022-06-07,19.99,81.69,1006.38,13.14,82.06,4.09,12.9,1
2022-06-08,22.55,71.18,1004.06,14.71,71.76,4.4,20.91,1
2022-06-09,25.33,53.94,1001.61,15.24,71.86,2.77,6.67,1
2022-06-10,26.22,77.94,1000.62,14.33,73.7,4.29,8.96,1
2022-06-11,26.69,56.65,995.99,14.45,41.7,8.5,2.64,1
2022-06-12,28.12,74.36,1002.4,13.79,83.88,2.03,17.63,1
2022-06-13,27.0,63.6,1010.82,15.9,65.11,4.78,12.46,1
2022-06-14,31.36,61.15,999.69,13.44,75.48,3.75,31.13,1
2022-06-15,25.84,67.61,1000.85,12.59,76.9,3.25,4.42,1
2022-06-16,25.24,69.93,1016.64,13.49,58.85,5.89,0.0,0
2022-06-17,29.53,65.79,1004.5,12.02,55.27,6.43,0.0,0
2022-06-18,23.09,76.88,1009.29,11.94,80.34,4.32,19.14,1
2022-06-19,29.25,67.57,1010.9,15.26,63.97,4.0,7.38,1
2022-06-20,28.33,80.41,1011.0,16.87,85.48,1.4,9.69,1
2022-06-21,27.53,74.12,1000.07,12.97,68.35,5.12,8.46,1
2022-06-22,33.08,65.31,1006.53,15.28,80.27,3.2,27.47,1
2022-06-23,26.01,63.79,999.59,11.65,71.83,6.72,2.22,1
2022-06-24,34.59,56.76,1019.92,14.33,67.12,7.17,10.82,1
2022-06-25,27.28,74.2,999.71,13.44,65.84,7.4,11.52,1
2022-06-26,23.91,68.39,1002.45,17.48,71.28,3.43,8.22,1
2022-06-27,28.22,50.23,1002.48,13.23,76.14,4.84,0.0,0
2022-06-28,24.56,66.76,1000.2,12.21,66.87,5.97,1.1,1
2022-06-29,25.59,63.48,1014.45,11.86,73.1,5.32,10.95,1
2022-06-30,29.27,85.77,1019.8,13.48,76.16,3.73,17.6,1
2022-07-01,25.78,71.16,1002.98,15.24,87.06,4.78,16.05,1
2022-07-02,22.01,73.52,998.75,14.6,100.0,2.17,7.06,1
2022-07-03,27.16,96.48,994.17,16.8,100.0,2.32,14.95,1
2022-07-04,27.7,98.7,1004.13,17.94,98.04,0.48,40.39,1
2022-07-05,28.6,79.78,1003.77,14.42,91.85,3.62,8.91,1
2022-07-06,25.69,80.8,1002.1,13.17,80.37,3.49,17.82,1
2022-07-07,28.36,92.04,1006.46,15.42,91.96,3.39,19.68,1
2022-07-08,17.98,65.55,1007.33,17.42,87.11,3.52,4.46,1
2022-07-09,22.98,69.74,1006.97,14.42,95.9,2.73,12.02,1
2022-07-10,21.23,83.96,1003.77,15.9,100.0,2.11,12.13,1
2022-07-11,24.38,100.0,999.85,13.61,83.14,4.52,15.58,1
2022-07-12,22.17,82.57,1008.68,15.38,100.0,1.93,34.57,1
2022-07-13,23.47,87.4,1005.42,15.95,91.11,1.16,5.49,1
2022-07-14,30.02,96.69,1009.8,15.43,83.34,4.24,36.02,1
2022-07-15,23.46,100.0,1009.31,20.01,100.0,1.2,23.86,1
2022-07-16,25.32,81.3,998.25,18.29,100.0,0.58,52.47,1
2022-07-17,23.26,86.34,998.18,16.31,95.25,1.34,2.02,1
2022-07-18,24.24,100.0,1001.58,17.13,100.0,2.51,0.93,1
2022-07-19,24.02,72.79,1000.07,15.37,96.1,2.38,71.43,1
2022-07-20,25.43,95.74,1009.13,14.83,100.0,0.0,4.27,1
2022-07-21,27.73,77.32,1007.11,14.29,97.5,1.91,7.51,1
2022-07-22,29.27,87.41,1010.85,13.59,75.01,5.65,7.57,1
2022-07-23,24.99,84.31,1007.34,18.46,100.0,1.63,23.07,1
2022-07-24,25.89,77.87,1006.4,20.19,100.0,1.97,12.84,1
2022-07-25,20.32,77.64,1011.35,14.98,81.54,4.96,8.55,1
2022-07-26,23.72,88.98,1007.7,15.01,79.54,4.83,46.32,1
2022-07-27,27.01,95.45,1005.7,16.04,100.0,3.39,1.63,1
2022-07-28,26.77,85.32,1012.76,14.69,87.77,0.0,30.24,1
2022-07-29,24.68,87.12,1005.93,13.69,96.44,4.54,14.57,1
2022-07-30,26.84,91.63,1003.83,13.46,100.0,2.93,8.43,1
2022-07-31,25.57,77.74,1001.17,20.02,80.84,6.72,9.32,1
2022-08-01,23.84,98.15,1008.87,13.23,82.27,2.71,0.0,0
2022-08-02,20.93,98.86,1011.54,15.5,100.0,0.05,7.66,1
2022-08-03,18.86,100.0,1005.1,13.3,90.62,2.96,27.04,1
2022-08-04,21.07,88.1,1011.9,14.76,94.46,2.3,11.07,1
2022-08-05,10.62,87.37,995.51,14.41,74.79,5.05,24.41,1
2022-08-06,21.23,98.41,1005.08,13.39,93.61,3.99,9.44,1
2022-08-07,8.33,98.86,1005.16,16.12,100.0,2.06,17.59,1
2022-08-08,14.48,86.67,1001.72,13.63,99.84,1.89,17.58,1
2022-08-09,21.45,87.86,1017.27,13.31,82.21,4.28,15.47,1
2022-08-10,21.53,96.36,1005.02,16.37,80.84,3.46,36.78,1
2022-08-11,16.28,84.04,1003.32,14.42,91.06,2.5,39.26,1
2022-08-12,17.72,87.79,1005.49,13.93,99.72,3.43,26.07,1
2022-08-13,24.39,92.3,995.34,16.53,99.59,3.71,31.96,1
2022-08-14,18.45,100.0,1001.56,13.59,90.9,4.23,25.09,1
2022-08-15,27.18,86.05,1010.27,13.18,95.57,2.33,10.44,1
2022-08-16,19.99,74.91,1002.21,17.71,100.0,0.0,13.68,1
2022-08-17,21.31,74.24,1001.21,19.37,89.4,2.87,2.03,1
2022-08-18,25.17,80.15,1011.9,14.72,67.99,3.92,6.61,1
2022-08-19,20.42,79.67,1012.06,14.7,91.66,2.71,4.3,1
2022-08-20,16.79,90.1,1007.94,16.68,100.0,1.36,8.36,1
2022-08-21,19.65,80.79,1003.08,17.39,72.75,4.41,18.62,1
2022-08-22,19.89,85.16,1004.16,13.68,91.71,1.61,10.13,1
2022-08-23,15.63,84.52,1001.33,14.48,88.11,1.62,27.94,1
2022-08-24,19.18,87.52,1000.38,15.35,93.56,4.17,6.85,1
2022-08-25,17.62,100.0,1000.13,16.52,100.0,1.0,23.62,1
2022-08-26,22.96,97.45,1002.27,16.25,100.0,2.17,6.32,1
2022-08-27,20.11,91.63,1000.18,15.88,95.14,3.72,35.05,1
2022-08-28,19.1,87.34,997.54,17.38,100.0,3.26,6.84,1
2022-08-29,19.66,87.59,1006.45,14.83,90.81,3.89,21.23,1
2022-08-30,20.71,94.44,1006.53,18.49,90.67,3.31,8.57,1
2022-08-31,21.97,96.75,1013.86,14.15,87.49,4.08,43.23,1
2022-09-01,13.87,77.08,1004.34,14.84,48.28,8.12,32.66,1
2022-09-02,13.74,85.57,1009.17,12.86,79.06,4.42,16.1,1
2022-09-03,20.61,66.96,1009.25,13.29,94.36,0.43,15.87,1
2022-09-04,15.75,87.15,1006.42,13.53,82.09,3.02,20.61,1
2022-09-05,12.54,92.1,1011.41,12.79,87.15,4.07,18.13,1
2022-09-06,18.49,82.72,1011.56,16.06,68.91,4.01,22.55,1
2022-09-07,18.55,100.0,1009.32,12.92,78.36,5.91,5.2,1
2022-09-08,12.17,77.31,1006.41,13.44,84.81,3.36,12.02,1
2022-09-09,17.81,87.2,1005.9,14.55,100.0,2.27,7.08,1
2022-09-10,19.43,84.92,1000.85,72.205,94.54,3.97,0.0,0
2022-09-11,18.27,84.34,1003.66,14.64,85.43,3.16,3.9,1
2022-09-12,19.09,84.22,1004.58,13.59,75.36,4.43,36.14,1
2022-09-13,12.58,86.21,1002.07,11.66,78.47,5.04,12.18,1
2022-09-14,18.13,92.88,1009.89,13.25,68.75,3.0,22.79,1
2022-09-15,16.1,97.64,1013.67,12.59,61.72,5.01,0.0,0
2022-09-16,15.53,85.22,1003.15,13.01,60.68,6.44,3.59,1
2022-09-17,19.86,92.58,1009.1,12.84,79.07,3.99,0.0,0
2022-09-18,21.81,78.93,1002.52,14.53,68.89,6.52,17.14,1
2022-09-19,22.81,92.14,1006.16,13.22,59.13,3.68,4.25,1
2022-09-20,21.28,78.39,1004.23,12.35,71.97,2.47,10.99,1
2022-09-21,16.72,95.06,1010.7,15.33,75.32,5.15,10.36,1
2022-09-22,18.2,100.0,1004.29,12.06,66.29,6.02,16.72,1
2022-09-23,19.53,84.15,1012.74,13.51,70.06,4.43,5.18,1
2022-09-24,17.46,65.51,1006.46,13.26,62.88,5.74,4.16,1
2022-09-25,17.49,,1004.44,14.1,65.25,5.96,13.26,1
2022-09-26,19.71,96.33,1001.42,15.95,92.04,1.85,5.46,1
2022-09-27,16.88,90.22,1008.95,21.55,52.69,5.26,32.14,1
2022-09-28,14.74,87.49,1012.16,13.58,50.46,6.52,21.31,1
2022-09-29,15.75,94.32,1009.05,12.57,79.19,4.99,20.88,1
2022-09-30,19.1,89.6,1018.88,12.48,78.42,2.57,1.54,1
2022-10-01,16.01,85.87,1017.58,10.76,61.98,5.1,5.34,1
2022-10-02,17.09,83.19,1008.89,12.32,48.59,6.16,6.27,1
2022-10-03,18.14,88.61,1008.84,9.86,45.94,7.17,3.11,1
2022-10-04,14.8,78.14,1012.78,10.3,53.38,6.04,0.0,0
2022-10-05,18.42,83.06,1006.24,12.32,49.8,5.7,10.91,1
2022-10-06,17.21,72.15,1016.26,13.75,71.12,6.07,13.43,1
2022-10-07,12.05,69.5,1012.24,13.77,45.63,6.05,16.2,1
2022-10-08,20.62,90.27,1011.71,11.95,57.88,5.33,15.65,1
2022-10-09,14.4,76.86,1013.87,13.39,85.12,1.5,38.73,1
2022-10-10,10.7,82.16,1019.05,14.29,52.63,5.26,7.76,1
2022-10-11,12.66,76.03,1011.29,11.19,59.82,6.13,6.77,1
2022-10-12,12.73,69.63,1009.87,13.97,58.3,6.03,11.92,1
2022-10-13,16.17,75.01,1017.98,10.09,61.67,6.08,18.19,1
2022-10-14,15.12,87.84,1015.27,10.28,61.31,6.05,1.71,1
2022-10-15,14.92,79.91,1008.83,11.26,56.74,8.28,4.07,1
2022-10-16,17.98,59.51,1010.46,10.03,46.95,5.69,4.92,1
2022-10-17,17.09,72.98,1011.41,12.85,43.82,4.91,8.36,1
2022-10-18,17.01,90.95,1012.24,11.01,63.09,3.98,5.37,1
2022-10-19,17.31,72.99,1003.65,11.56,77.68,3.18,16.38,1
2022-10-20,17.97,58.71,1002.72,11.61,61.05,4.24,0.0,0
2022-10-21,9.25,91.95,1006.0,11.23,63.22,5.34,0.0,0
2022-10-22,14.83,81.05,1005.61,10.75,65.82,6.52,10.98,1
2022-10-23,9.02,74.28,1007.21,12.74,40.55,8.97,1.21,1
2022-10-24,16.12,71.57,1013.61,10.98,47.33,7.16,10.6,1
2022-10-25,15.99,84.65,1009.59,11.59,68.53,7.36,3.71,1
2022-10-26,19.35,70.04,1011.41,12.41,69.4,4.29,14.42,1
2022-10-27,19.8,85.25,1004.31,14.26,46.44,4.67,1.46,1
2022-10-28,16.65,79.79,1008.12,14.02,47.88,7.77,11.51,1
2022-10-29,14.4,77.12,1013.37,11.08,81.4,1.51,3.8,1
2022-10-30,17.55,76.22,1013.41,10.7,53.92,5.1,18.44,1
2022-10-31,14.31,73.34,1006.81,14.91,75.16,4.86,1.86,1
2022-11-01,17.07,75.74,1012.95,9.91,43.43,6.76,5.55,1
2022-11-02,20.23,58.54,1023.13,11.59,36.72,7.21,0.0,0
2022-11-03,15.29,51.73,1012.05,8.94,26.68,6.86,0.0,0
2022-11-04,19.65,71.86,1008.67,8.78,51.36,6.21,0.0,0
2022-11-05,19.24,72.01,1011.27,10.8,56.82,6.97,0.0,0
2022-11-06,14.02,70.65,1012.6,10.33,25.15,8.43,0.0,0
2022-11-07,20.19,70.0,1011.38,12.15,33.75,6.69,6.71,1
2022-11-08,19.31,63.44,1011.98,9.69,47.47,5.05,0.0,0
2022-11-09,17.4,73.41,1004.92,11.19,38.08,6.36,2.22,1
2022-11-10,14.63,65.92,1007.32,12.02,30.2,8.45,0.0,0
2022-11-11,14.32,61.94,1011.39,9.73,48.07,6.91,4.98,1
2022-11-12,15.35,63.52,1011.31,10.2,49.95,5.38,0.0,0
2022-11-13,18.81,84.51,1009.31,9.35,38.58,4.63,0.0,0
2022-11-14,14.01,50.71,1011.25,12.24,32.99,8.25,0.0,0
2022-11-15,18.47,70.82,1012.44,11.71,22.97,7.51,0.0,0
2022-11-16,13.1,51.21,1016.58,11.87,18.8,9.76,0.0,0
2022-11-17,16.42,65.35,1011.64,10.32,37.99,6.43,3.16,1
2022-11-18,17.42,62.42,1014.13,11.67,35.56,6.35,3.56,1
2022-11-19,24.9,47.56,1009.43,10.45,16.34,9.32,0.0,0
2022-11-20,12.66,69.83,1015.0,14.45,28.95,10.92,0.0,0
2022-11-21,21.78,62.91,1014.02,10.67,21.51,9.61,5.79,1
2022-11-22,17.55,47.43,1016.47,12.78,34.77,7.77,0.0,0
2022-11-23,18.39,73.88,1015.7,10.33,14.38,9.73,0.0,0
2022-11-24,17.45,79.24,1015.08,13.64,29.06,5.98,8.12,1
2022-11-25,18.49,79.74,1011.65,9.63,18.2,7.64,0.0,0
2022-11-26,16.58,69.56,1013.36,11.44,43.59,3.85,3.59,1
2022-11-27,21.72,66.74,1017.45,9.82,13.53,11.45,0.0,0
2022-11-28,15.61,78.28,1008.88,11.11,42.22,8.81,3.19,1
2022-11-29,20.69,81.47,1009.0,9.92,64.46,5.6,1.43,1
2022-11-30,15.01,76.53,1013.04,10.66,62.83,5.43,0.0,0
2022-12-01,19.81,51.38,1014.87,9.67,2.49,8.43,0.0,0
2022-12-02,16.57,61.67,1008.68,11.52,34.16,7.39,0.0,0
2022-12-03,21.46,63.81,1012.42,11.11,18.33,11.12,0.0,0
2022-12-04,24.62,43.57,1012.33,9.37,7.17,10.06,0.0,0
2022-12-05,19.75,64.08,1001.72,9.34,29.82,7.34,0.0,0
2022-12-06,19.37,80.31,1011.7,9.14,54.08,3.88,6.5,1
2022-12-07,16.43,65.62,1012.01,8.97,39.74,8.84,0.0,0
2022-12-08,19.27,73.12,1012.0,11.68,25.8,8.27,0.0,0
2022-12-09,14.9,61.5,1019.88,9.09,39.38,5.11,5.52,1
2022-12-10,17.08,59.2,1006.72,10.86,0.08,9.38,4.83,1
2022-12-11,20.73,63.29,1008.68,9.56,21.18,7.2,0.0,0
2022-12-12,24.22,52.51,999.74,12.29,15.73,9.03,1.6,1
2022-12-13,28.99,51.18,1010.39,14.98,26.9,8.51,0.0,0
2022-12-14,18.12,71.25,1010.82,8.18,31.67,7.26,0.0,0
2022-12-15,24.59,72.21,1010.25,9.21,32.87,8.69,0.0,0
2022-12-16,20.78,50.94,1018.34,9.55,23.51,8.64,0.0,0
2022-12-17,19.52,68.57,1017.1,34.86,33.47,8.99,0.0,0
2022-12-18,21.38,59.07,1013.19,9.87,36.22,7.05,0.0,0
2022-12-19,20.2,62.91,1010.95,8.8,32.75,11.43,7.2,1
2022-12-20,20.35,64.0,1017.93,15.07,27.57,7.53,0.0,0
2022-12-21,18.69,68.81,1012.7,9.92,38.51,6.21,2.21,1
2022-12-22,15.53,60.6,1008.71,11.1,40.58,5.89,0.0,0
2022-12-23,15.06,72.55,1004.22,11.17,27.63,7.94,0.0,0
2022-12-24,22.09,62.64,1010.59,8.66,29.92,5.94,0.0,0
2022-12-25,19.11,65.47,1016.57,9.74,46.99,6.94,0.0,0
2022-12-26,18.09,52.36,1024.18,11.68,12.04,7.21,8.56,1
2022-12-27,20.03,79.28,1013.11,13.45,61.15,5.6,0.0,0
2022-12-28,22.54,64.08,1008.97,9.77,13.89,7.72,0.0,0
2022-12-29,20.58,66.27,1006.87,8.76,27.73,7.73,6.94,1
2022-12-30,17.9,45.38,1015.56,9.45,11.09,10.3,0.0,0
2022-12-31,23.92,52.45,1003.98,9.71,54.86,8.69,0.0,0
2023-01-01,29.05,65.16,1015.75,9.54,23.85,7.22,1.47,1
2023-01-02,25.58,56.6,1017.08,9.02,20.29,8.63,1.81,1
2023-01-03,27.12,36.79,1015.18,8.57,13.66,8.49,0.0,0
2023-01-04,27.97,63.36,1011.9,8.8,30.88,6.88,0.0,0
2023-01-05,27.62,49.12,1015.82,9.33,19.39,8.03,0.0,0
2023-01-06,25.97,66.72,1013.85,11.52,29.32,9.05,1.43,1
2023-01-07,25.91,,1009.11,12.47,0.0,9.91,0.0,0
2023-01-08,25.66,55.86,1022.25,10.3,27.23,10.93,0.0,0
2023-01-09,20.49,64.63,1011.24,8.83,30.4,8.47,0.0,0
2023-01-10,26.24,45.94,1016.88,9.4,35.82,6.3,0.0,0
2023-01-11,19.66,45.08,1000.9,8.26,38.98,6.81,0.0,0
2023-01-12,21.46,52.25,1019.38,13.39,22.53,7.66,0.0,0
2023-01-13,28.17,61.46,1020.34,9.23,39.45,8.17,3.42,1
2023-01-14,26.69,42.04,1013.15,10.8,6.36,8.0,0.0,0
2023-01-15,28.76,39.0,1015.79,12.26,29.38,6.44,0.0,0
2023-01-16,23.13,61.43,1015.79,14.39,21.38,8.01,0.0,0
2023-01-17,20.31,48.59,1009.78,11.79,8.03,10.65,0.0,0
2023-01-18,23.23,50.49,1015.73,9.53,21.82,10.16,0.0,0
2023-01-19,24.33,37.3,1008.95,11.07,36.9,9.08,0.0,0
2023-01-20,24.25,47.9,1009.95,14.24,25.5,9.01,0.0,0
2023-01-21,27.63,53.95,1018.63,9.22,45.14,6.64,0.0,0
2023-01-22,22.84,62.39,1017.87,8.54,19.5,9.83,0.0,0
2023-01-23,25.13,47.07,1009.46,9.02,36.42,6.09,0.0,0
2023-01-24,20.84,68.93,1009.33,10.93,23.5,6.33,5.44,1
2023-01-25,25.44,47.85,1009.77,9.56,26.05,8.85,0.0,0
2023-01-26,24.01,47.87,1016.66,9.98,25.95,7.13,0.0,0
2023-01-27,21.6,67.85,1008.0,11.29,40.12,7.08,0.0,0
2023-01-28,23.25,55.92,1014.78,9.0,29.77,8.16,0.87,1
2023-01-29,23.41,49.05,1016.73,9.9,14.02,9.63,0.0,0
2023-01-30,23.14,52.62,1012.56,9.38,36.57,8.58,0.0,0
2023-01-31,29.67,66.19,1018.05,14.07,53.34,7.05,3.55,1
2023-02-01,27.68,62.33,1011.45,11.73,21.82,8.92,7.95,1
2023-02-02,27.22,41.79,1011.9,9.59,0.0,9.97,0.0,0
2023-02-03,21.29,48.76,1008.08,9.52,30.19,8.11,0.0,0
2023-02-04,25.14,49.95,1018.05,14.55,19.9,8.13,2.77,1
2023-02-05,27.16,40.26,1009.13,14.2,18.43,8.73,6.91,1
2023-02-06,25.81,48.64,1014.72,10.94,30.88,11.07,0.0,0
2023-02-07,32.42,49.19,1012.61,10.07,17.95,9.22,0.0,0
2023-02-08,27.47,59.4,1007.7,8.7,24.68,8.98,0.0,0
2023-02-09,32.12,60.01,1009.92,9.05,27.13,7.39,0.0,0
2023-02-10,28.2,46.18,1019.88,8.65,41.73,8.25,0.0,0
2023-02-11,28.12,47.21,1013.98,12.4,23.45,9.46,0.0,0
2023-02-12,27.72,55.12,1007.92,8.71,10.31,10.56,0.0,0
2023-02-13,28.01,43.87,1014.49,9.51,6.1,10.25,0.0,0
2023-02-14,33.5,54.44,1012.24,8.34,27.9,9.42,0.0,0
2023-02-15,20.58,48.35,1030.24,8.51,8.85,11.29,0.0,0
2023-02-16,21.6,40.41,1014.39,11.41,0.0,10.84,0.0,0
2023-02-17,26.26,40.53,1011.06,10.62,28.51,7.99,0.0,0
2023-02-18,28.05,62.16,1020.07,10.12,38.23,8.39,0.87,1
2023-02-19,30.21,47.73,1003.76,9.53,18.49,7.87,0.0,0
2023-02-20,29.51,,1013.44,8.44,33.88,6.82,0.0,0
2023-02-21,26.77,44.52,1022.94,9.37,24.37,8.41,0.0,0
2023-02-22,31.26,51.76,1012.39,9.84,32.8,5.68,2.13,1
2023-02-23,31.3,70.67,1004.3,11.25,40.77,8.1,2.6,1
2023-02-24,28.59,39.62,1010.99,12.23,0.0,9.34,0.0,0
2023-02-25,31.08,32.06,1020.24,11.48,13.56,8.8,0.0,0
2023-02-26,28.87,60.72,1014.85,10.61,35.46,7.29,0.0,0
2023-02-27,26.2,41.7,1008.77,10.1,15.4,9.26,0.0,0
2023-02-28,30.23,48.95,1009.54,10.43,24.26,8.07,0.0,0
2023-03-01,31.28,40.92,1010.0,9.4,31.33,7.81,0.0,0
2023-03-02,30.93,48.61,1014.6,10.34,25.85,8.27,0.0,0
2023-03-03,35.64,37.64,1019.49,9.93,39.8,6.65,5.45,1
2023-03-04,23.09,44.58,1018.06,16.41,37.76,6.43,0.0,0
2023-03-05,26.39,50.24,1015.08,10.58,23.95,9.8,0.0,0
2023-03-06,27.13,37.12,1006.14,8.36,17.4,6.52,0.0,0
2023-03-07,29.77,39.9,1006.16,9.57,0.0,10.25,0.0,0
2023-03-08,30.11,43.07,1015.46,9.78,18.23,8.42,0.0,0
2023-03-09,26.1,33.34,1006.07,11.92,0.79,10.94,0.0,0
2023-03-10,27.78,42.39,1011.67,10.81,25.07,6.67,0.0,0
2023-03-11,28.17,47.26,1014.32,10.71,26.22,7.71,0.0,0
2023-03-12,38.79,42.6,1007.11,13.12,31.32,7.77,0.0,0
2023-03-13,36.69,43.75,1007.68,14.33,40.92,8.37,0.0,0
2023-03-14,29.61,46.02,1012.33,11.51,23.37,8.95,0.0,0
2023-03-15,29.76,40.29,1015.32,9.66,50.95,4.83,0.0,0
2023-03-16,27.25,52.42,1018.11,9.7,29.42,7.46,0.0,0
2023-03-17,24.82,59.12,1015.83,12.7,12.18,10.55,0.0,0
2023-03-18,30.55,42.02,1013.17,9.69,14.72,7.83,0.0,0
2023-03-19,27.74,50.56,1009.07,10.1,20.78,8.67,3.03,1
2023-03-20,30.66,44.04,1007.44,9.54,30.58,7.94,0.0,0
2023-03-21,25.81,49.49,1010.24,8.94,12.85,8.97,0.0,0
2023-03-22,28.49,60.29,1014.85,15.99,25.83,11.58,1.39,1
2023-03-23,31.4,50.77,1014.48,10.11,23.62,8.04,0.0,0
2023-03-24,32.1,30.24,1002.3,13.61,11.26,10.1,0.0,0
2023-03-25,32.26,50.28,1008.87,9.71,36.05,6.58,0.0,0
2023-03-26,26.7,57.29,1018.82,9.35,36.78,8.07,1.55,1
2023-03-27,33.66,44.2,1013.19,11.31,38.11,8.37,0.0,0
2023-03-28,28.37,55.16,1005.71,12.33,23.25,7.86,0.0,0
2023-03-29,32.95,39.98,1024.58,12.51,36.81,7.37,0.0,0
2023-03-30,30.89,32.83,1012.65,9.92,0.44,9.39,0.0,0
2023-03-31,26.52,,1014.72,11.55,6.27,8.6,0.0,0
2023-04-01,30.99,31.86,1014.14,9.88,6.53,11.2,5.29,1
2023-04-02,33.17,45.51,1010.3,10.73,28.16,7.49,0.0,0
2023-04-03,33.96,59.25,1008.5,10.2,49.45,3.48,8.99,1
2023-04-04,31.55,30.48,1022.75,10.01,13.9,11.46,0.0,0
2023-04-05,36.9,36.15,1017.15,10.8,17.92,8.04,1.96,1
2023-04-06,35.22,38.38,1016.25,9.33,22.24,8.35,0.0,0
2023-04-07,31.18,47.1,1015.02,12.51,36.16,9.46,0.0,0
2023-04-08,34.4,44.37,1007.12,10.01,21.36,8.55,1.17,1
2023-04-09,38.19,60.26,1018.53,12.38,27.3,8.03,0.0,0
2023-04-10,38.27,56.26,1007.92,9.49,15.07,7.77,0.0,0
2023-04-11,28.07,52.12,1013.55,10.01,23.39,6.59,0.0,0
2023-04-12,29.04,48.98,1003.94,9.33,44.81,6.57,4.81,1
2023-04-13,36.75,51.21,1001.93,9.3,31.62,8.3,0.0,0
2023-04-14,28.61,39.91,1013.73,9.6,16.07,9.53,0.0,0
2023-04-15,27.77,55.38,1008.09,9.5,48.26,5.9,0.0,0
2023-04-16,30.44,37.66,1002.19,9.33,17.14,9.1,0.0,0
2023-04-17,33.34,55.18,1014.84,10.62,50.57,4.08,2.27,1
2023-04-18,31.67,58.34,1022.74,11.68,51.68,6.75,0.0,0
2023-04-19,29.92,49.56,1019.09,11.8,30.48,8.15,0.0,0
2023-04-20,29.84,46.08,1010.85,8.93,8.8,12.13,0.0,0
2023-04-21,29.72,51.27,1012.18,10.19,60.23,5.49,2.49,1
2023-04-22,29.19,21.91,1016.58,10.07,23.17,7.44,0.0,0
2023-04-23,39.3,50.39,1017.75,13.6,25.88,8.28,0.0,0
2023-04-24,32.95,46.65,1010.42,10.24,40.95,6.69,0.0,0
2023-04-25,34.84,47.21,1012.31,10.49,37.89,7.86,0.0,0
2023-04-26,30.43,54.02,1013.64,9.09,48.66,6.48,0.0,0
2023-04-27,31.4,46.99,1014.91,9.58,20.06,7.32,0.0,0
2023-04-28,29.72,37.4,1011.47,9.06,28.78,6.14,0.0,0
2023-04-29,23.51,46.39,1011.54,10.72,13.0,9.73,0.0,0
2023-04-30,27.59,48.27,1019.04,13.71,37.87,9.0,0.0,0
2023-05-01,25.13,57.29,1016.48,10.68,44.42,6.89,7.9,1
2023-05-02,23.73,57.71,1012.82,11.32,48.55,7.43,0.0,0
2023-05-03,27.1,65.61,1019.03,10.57,46.31,7.86,7.59,1
2023-05-04,35.17,46.48,1008.5,10.86,36.91,7.74,2.33,1
2023-05-05,30.79,57.83,1018.55,11.82,33.66,6.72,22.82,1
2023-05-06,35.06,67.86,1013.14,16.42,59.43,5.78,3.84,1
2023-05-07,32.24,40.64,1026.79,14.6,57.09,7.19,0.0,0
2023-05-08,33.43,57.87,1004.47,15.6,37.72,7.99,36.48,1
2023-05-09,28.05,50.98,1006.99,13.47,49.26,7.29,3.21,1
2023-05-10,32.6,52.92,1012.53,11.3,48.5,5.9,7.26,1
2023-05-11,33.26,48.11,1012.42,11.13,40.97,6.84,19.37,1
2023-05-12,29.08,54.73,1020.18,10.68,23.79,8.37,0.0,0
2023-05-13,32.72,72.82,1007.09,11.28,34.32,7.58,11.25,1
2023-05-14,32.74,44.87,1014.96,14.82,29.35,9.46,0.0,0
2023-05-15,29.17,45.73,1016.24,14.78,12.05,6.68,0.0,0
2023-05-16,27.34,44.54,1013.96,18.09,57.66,5.73,0.0,0
2023-05-17,27.14,71.8,1005.63,11.95,55.59,5.77,0.0,0
2023-05-18,31.21,52.09,1017.47,10.29,42.14,5.34,0.0,0
2023-05-19,31.97,56.02,1016.58,12.6,15.71,10.0,0.0,0
2023-05-20,28.39,52.63,1013.43,16.47,19.05,8.04,0.0,0
2023-05-21,31.01,47.75,1011.45,15.28,40.68,6.68,0.0,0
2023-05-22,32.75,54.14,1011.56,10.99,69.01,6.97,12.72,1
2023-05-23,32.91,78.38,1010.04,10.35,44.49,8.0,7.94,1
2023-05-24,35.89,68.78,1013.64,10.33,60.77,6.13,10.88,1
2023-05-25,35.01,48.58,1010.59,10.74,34.82,8.06,3.15,1
2023-05-26,27.72,62.08,1006.19,10.89,47.45,6.35,6.79,1
2023-05-27,36.32,48.77,1005.19,11.21,56.93,8.16,3.28,1
2023-05-28,29.23,40.27,1006.67,12.89,33.07,8.71,0.0,0
2023-05-29,34.27,65.43,1011.54,11.16,39.16,6.34,10.15,1
2023-05-30,31.15,66.69,1010.3,11.73,67.1,3.23,8.26,1
2023-05-31,29.61,65.67,1011.51,10.09,48.83,7.11,5.58,1
2023-06-01,22.22,67.36,1010.19,12.4,82.01,3.6,0.0,0
2023-06-02,27.45,70.08,1004.55,12.36,60.06,3.78,16.27,1
2023-06-03,23.01,78.33,1015.01,11.72,90.72,3.45,19.66,1
2023-06-04,31.1,75.11,1006.35,12.85,74.64,3.96,17.51,1
2023-06-05,32.85,68.04,1005.52,11.81,73.76,4.99,2.46,1
2023-06-06,25.45,57.01,1010.1,12.76,65.19,5.6,1.11,1
2023-06-07,28.97,72.61,998.5,13.57,63.46,4.48,6.28,1
2023-06-08,25.68,81.3,1003.73,16.6,73.66,5.12,1.13,1
2023-06-09,25.99,60.81,1012.59,12.31,59.32,4.96,0.0,0
2023-06-10,30.48,77.33,999.0,13.52,84.49,2.94,9.62,1
2023-06-11,27.88,74.57,1013.27,12.53,68.21,4.18,3.74,1
2023-06-12,33.57,78.34,1015.24,11.78,52.98,7.44,0.0,0
2023-06-13,26.46,79.43,1005.84,16.64,51.06,5.91,0.0,0
2023-06-14,31.2,65.33,1009.15,13.64,44.53,8.44,3.83,1
2023-06-15,28.31,57.03,1013.28,14.21,71.52,6.68,8.99,1
2023-06-16,30.55,66.78,1005.35,17.22,52.61,5.23,7.84,1
2023-06-17,26.57,79.59,1012.02,12.76,76.86,0.59,8.93,1
2023-06-18,27.84,66.71,1004.33,11.97,69.33,5.98,16.64,1
2023-06-19,27.63,65.34,1005.3,12.3,66.13,4.58,23.07,1
2023-06-20,25.32,55.19,1003.69,11.91,68.41,3.76,13.08,1
2023-06-21,30.12,87.36,1009.4,15.68,78.28,3.27,23.91,1
2023-06-22,30.08,79.02,1013.48,18.36,37.49,6.88,7.99,1
2023-06-23,29.9,78.51,1006.77,13.55,68.3,6.36,26.13,1
2023-06-24,32.92,80.29,1001.33,14.67,78.78,4.13,13.24,1
2023-06-25,32.64,76.78,1002.27,15.3,93.1,4.28,21.73,1
2023-06-26,26.8,69.39,1009.66,17.48,90.6,3.54,8.12,1
2023-06-27,29.19,70.11,1016.91,18.17,51.26,5.86,0.0,0
2023-06-28,26.0,67.74,1009.65,11.63,63.44,4.75,42.91,1
2023-06-29,28.07,95.3,1005.75,12.56,59.2,6.24,12.73,1
2023-06-30,26.08,76.59,1011.52,13.36,91.46,3.86,22.93,1
2023-07-01,29.18,82.31,1004.16,13.89,100.0,3.36,32.03,1
2023-07-02,25.16,90.68,1003.46,14.41,98.2,2.0,0.0,0
2023-07-03,23.3,77.39,1000.56,15.54,90.22,3.19,26.74,1
2023-07-04,27.82,100.0,1012.4,15.48,100.0,2.87,10.48,1
2023-07-05,17.05,80.54,992.66,16.67,100.0,1.71,7.86,1
2023-07-06,17.55,91.0,1009.34,14.85,100.0,0.8,6.46,1
2023-07-07,26.55,96.08,1003.04,12.92,100.0,1.2,20.71,1
2023-07-08,24.19,89.95,1003.3,14.3,88.8,2.81,16.03,1
2023-07-09,24.8,87.34,1013.82,15.35,100.0,2.96,19.7,1
2023-07-10,19.76,86.59,1001.78,16.86,100.0,3.68,5.52,1
2023-07-11,23.93,85.98,1001.96,16.46,89.19,1.44,8.94,1
2023-07-12,30.41,81.3,1004.7,14.65,85.14,2.69,28.97,1
2023-07-13,26.64,82.44,1007.42,13.95,100.0,1.74,17.91,1
2023-07-14,24.54,99.81,1003.15,14.71,100.0,3.12,17.13,1
2023-07-15,22.6,85.51,997.49,13.14,81.73,3.06,13.14,1
2023-07-16,22.74,79.42,1001.03,14.04,85.49,2.86,8.28,1
2023-07-17,17.19,81.84,1011.76,17.38,94.49,0.93,34.38,1
2023-07-18,24.82,96.39,1005.73,14.71,100.0,2.75,38.24,1
2023-07-19,26.71,92.57,1007.61,15.43,87.64,3.0,16.53,1
2023-07-20,18.96,91.53,1004.05,13.34,100.0,1.38,14.19,1
2023-07-21,21.88,84.17,1002.06,16.84,96.4,2.16,40.09,1
2023-07-22,20.3,91.65,1013.74,14.57,100.0,3.52,9.16,1
2023-07-23,20.91,80.7,1004.41,15.36,100.0,0.96,11.02,1
2023-07-24,24.17,84.15,1003.14,15.78,85.06,2.4,28.05,1
2023-07-25,17.33,95.22,1010.84,16.74,94.4,4.14,10.87,1
2023-07-26,25.97,94.36,1001.74,15.08,78.89,4.02,15.84,1
2023-07-27,26.41,77.65,1002.38,14.61,85.93,4.14,1.89,1
2023-07-28,23.2,78.79,1005.41,13.48,69.29,5.21,38.84,1
2023-07-29,16.06,87.47,1005.36,13.29,100.0,2.12,26.46,1
2023-07-30,20.81,100.0,1006.65,15.05,100.0,1.75,32.8,1
2023-07-31,27.95,69.25,1015.81,15.37,81.04,4.74,7.27,1
2023-08-01,11.11,93.99,1007.04,15.69,93.73,4.08,44.45,1
2023-08-02,18.89,79.1,993.47,13.78,98.68,3.58,14.77,1
2023-08-03,16.22,85.78,1006.99,14.05,76.82,2.68,34.72,1
2023-08-04,22.57,88.21,1005.54,15.02,95.26,4.13,20.32,1
2023-08-05,17.84,87.7,1005.57,14.19,100.0,1.74,27.3,1
2023-08-06,21.29,86.68,1006.59,21.72,68.79,3.86,21.43,1
2023-08-07,21.81,91.55,1005.21,14.03,100.0,1.96,10.8,1
2023-08-08,25.88,86.67,1005.09,15.5,70.2,5.65,3.66,1
2023-08-09,19.35,78.33,1008.42,16.39,86.92,3.9,36.51,1
2023-08-10,21.2,98.51,1002.65,16.54,81.81,3.38,0.99,1
2023-08-11,15.25,98.26,1000.62,14.17,100.0,3.17,0.0,0
2023-08-12,23.81,99.08,1020.47,15.79,82.13,3.82,36.48,1
2023-08-13,17.57,77.62,1001.78,15.53,66.7,4.25,4.64,1
2023-08-14,18.21,94.18,1005.86,15.88,96.84,1.58,11.29,1
2023-08-15,19.93,97.57,997.88,14.99,91.16,3.4,4.14,1
2023-08-16,15.0,82.21,1005.94,16.41,70.52,4.52,9.54,1
2023-08-17,20.73,91.57,1000.69,15.19,100.0,0.52,0.0,0
2023-08-18,23.1,90.44,1003.14,13.4,67.65,5.88,27.08,1
2023-08-19,20.94,100.0,1010.58,15.14,84.08,2.92,24.63,1
2023-08-20,14.92,100.0,1007.72,15.35,90.08,4.9,11.35,1
2023-08-21,19.6,76.51,1008.2,16.23,98.12,0.64,1.16,1
2023-08-22,22.37,100.0,996.5,15.05,100.0,1.95,5.3,1
2023-08-23,13.99,83.25,1014.54,19.03,100.0,1.33,13.14,1
2023-08-24,16.56,100.0,999.4,14.66,95.56,1.37,6.42,1
2023-08-25,22.8,100.0,1013.0,14.11,66.0,4.42,29.59,1
2023-08-26,20.86,82.53,1010.46,17.79,95.3,4.68,45.37,1
2023-08-27,21.32,95.93,1008.24,14.62,100.0,2.34,20.2,1
2023-08-28,25.95,90.52,1001.08,14.89,100.0,1.22,4.58,1
2023-08-29,21.5,96.48,1006.11,15.35,100.0,0.0,37.41,1
2023-08-30,22.11,,1003.0,15.19,79.39,1.82,17.14,1
2023-08-31,28.67,100.0,1005.5,15.86,90.73,2.3,15.47,1
2023-09-01,16.39,85.92,1006.44,14.64,100.0,1.41,18.04,1
2023-09-02,14.52,83.73,997.49,12.56,56.28,5.54,4.28,1
2023-09-03,18.44,95.11,1013.29,12.08,64.56,2.39,8.94,1
2023-09-04,18.48,90.47,1007.28,12.16,89.78,2.91,11.4,1
2023-09-05,15.39,91.83,1005.26,15.96,72.5,5.69,14.74,1
2023-09-06,13.77,79.26,1004.88,13.04,57.46,7.66,15.83,1
2023-09-07,24.46,75.84,1009.48,14.91,91.25,0.62,18.01,1
2023-09-08,18.12,80.14,1003.22,14.7,79.18,2.94,7.58,1
2023-09-09,14.73,79.66,996.41,13.44,68.03,3.81,2.29,1
2023-09-10,20.0,92.32,1009.72,12.31,63.41,5.39,10.13,1
2023-09-11,16.72,94.03,1010.28,14.76,100.0,0.7,11.12,1
2023-09-12,16.26,83.85,1006.69,13.38,74.43,6.32,2.18,1
2023-09-13,18.87,98.12,1001.95,12.03,98.91,2.31,7.24,1
2023-09-14,12.94,97.56,1008.13,12.74,92.13,2.67,13.78,1
2023-09-15,18.2,87.44,1000.36,11.79,69.49,6.62,8.2,1
2023-09-16,23.19,77.85,1002.55,12.8,65.56,5.02,13.37,1
2023-09-17,18.56,99.42,1003.93,13.52,100.0,2.65,7.92,1
2023-09-18,15.87,84.7,1011.91,13.22,94.12,1.76,18.95,1
2023-09-19,15.45,86.38,1005.87,13.05,51.41,4.57,5.35,1
2023-09-20,15.76,82.19,1005.45,13.5,81.2,3.0,12.13,1
2023-09-21,16.26,77.24,1017.46,14.28,70.4,7.26,12.57,1
2023-09-22,15.86,,1009.45,15.11,56.35,6.56,22.39,1
2023-09-23,20.0,90.94,1009.38,15.46,81.13,4.07,9.32,1
2023-09-24,11.53,78.19,1005.84,12.44,54.83,4.76,34.92,1
2023-09-25,19.83,100.0,1004.7,15.74,75.47,5.3,34.05,1
2023-09-26,15.86,75.47,996.75,13.39,60.85,3.8,5.67,1
2023-09-27,18.28,73.93,1012.53,12.91,64.09,3.28,11.86,1
2023-09-28,13.47,89.84,1009.93,12.19,76.34,3.47,3.92,1
2023-09-29,21.32,99.01,1006.79,14.13,67.92,7.19,17.04,1
2023-09-30,21.06,85.83,1007.0,14.06,96.03,4.77,8.11,1
2023-10-01,19.07,80.06,1014.11,10.92,60.69,4.9,8.72,1
2023-10-02,11.15,58.32,1002.66,10.96,68.48,3.98,6.56,1
2023-10-03,18.65,68.82,1007.48,11.45,47.48,4.58,0.0,0
2023-10-04,17.3,65.25,1004.75,11.17,40.93,7.18,7.16,1
2023-10-05,10.86,57.86,1019.29,10.68,67.81,5.04,6.69,1
2023-10-06,15.92,75.97,1014.81,10.39,45.05,7.69,15.48,1
2023-10-07,17.17,54.73,999.42,14.05,41.32,8.15,0.0,0
2023-10-08,17.78,63.01,1002.86,11.02,56.48,5.56,0.0,0
2023-10-09,16.57,70.08,1009.77,12.33,34.0,8.33,17.32,1
2023-10-10,16.93,67.43,1008.07,12.72,58.22,4.81,35.71,1
2023-10-11,20.72,78.48,1003.81,12.43,61.2,6.04,6.29,1
2023-10-12,19.92,77.66,1020.16,12.84,69.77,4.08,2.89,1
2023-10-13,6.83,82.96,1011.99,12.41,67.07,5.46,10.66,1
2023-10-14,14.98,81.68,1012.81,10.82,71.86,4.97,16.24,1
2023-10-15,15.47,85.18,1006.97,11.24,54.99,6.0,21.88,1
2023-10-16,10.39,74.9,1014.04,13.97,40.9,8.05,12.06,1
2023-10-17,16.3,77.64,1008.53,10.99,80.69,1.89,8.17,1
2023-10-18,20.0,79.52,1009.02,11.67,34.2,6.37,4.24,1
2023-10-19,12.52,76.19,1013.49,12.57,34.11,7.33,18.82,1
2023-10-20,17.08,71.34,1002.29,15.06,57.96,3.94,10.04,1
2023-10-21,13.07,71.92,1018.42,13.72,71.99,4.01,1.56,1
2023-10-22,13.85,67.56,1011.34,10.56,51.49,5.76,28.35,1
2023-10-23,20.73,78.71,1016.84,12.27,66.7,6.51,3.06,1
2023-10-24,14.26,74.07,1005.06,12.05,25.82,8.52,0.0,0
2023-10-25,17.48,68.94,1005.82,11.25,43.12,8.14,9.45,1
2023-10-26,10.01,68.95,1004.62,11.72,25.25,8.76,0.0,0
2023-10-27,21.96,64.02,1011.68,10.81,57.69,5.05,0.0,0
2023-10-28,17.93,83.72,1010.76,11.43,35.7,7.69,6.31,1
2023-10-29,15.42,75.62,1008.11,11.0,35.8,8.39,0.0,0
2023-10-30,17.84,67.15,1005.36,11.84,55.54,7.3,11.25,1
2023-10-31,11.49,82.19,1004.1,11.2,68.98,4.59,14.9,1
2023-11-01,20.86,,1011.9,14.27,32.6,5.81,0.0,0
2023-11-02,16.04,53.67,1009.81,10.83,38.88,5.2,4.21,1
2023-11-03,16.42,75.52,1008.71,10.51,47.64,6.14,8.1,1
2023-11-04,15.5,61.49,1019.87,10.29,31.96,5.03,0.0,0
2023-11-05,15.21,62.65,1011.73,10.14,21.01,10.9,0.0,0
2023-11-06,19.29,66.7,1018.49,9.25,44.29,7.53,0.0,0
2023-11-07,17.89,76.61,1009.47,12.12,49.08,5.65,0.0,0
2023-11-08,19.16,66.51,1013.36,13.55,48.49,5.13,1.36,1
2023-11-09,17.04,55.53,1011.86,9.92,36.31,8.71,0.0,0
2023-11-10,18.71,71.22,1003.65,12.89,23.65,7.19,2.27,1
2023-11-11,15.73,61.96,1019.28,17.42,43.93,5.62,7.59,1
2023-11-12,24.21,83.32,1011.46,15.42,43.91,5.92,4.02,1
2023-11-13,12.05,66.32,1015.87,13.41,30.51,8.09,0.0,0
2023-11-14,21.11,46.21,1008.38,9.34,24.51,9.2,17.4,1
2023-11-15,21.45,69.54,1011.31,9.33,29.16,9.5,0.0,0
2023-11-16,14.34,83.83,1007.8,11.76,55.69,7.11,5.53,1
2023-11-17,24.21,80.51,1018.32,10.62,24.31,8.48,0.0,0
2023-11-18,20.26,82.8,1013.69,8.82,30.79,9.16,0.0,0
2023-11-19,20.18,57.15,1013.97,10.05,28.66,7.31,0.0,0
2023-11-20,17.16,74.54,1018.93,11.66,61.21,3.21,0.0,0
2023-11-21,16.38,59.83,1017.92,10.38,47.76,5.71,0.0,0
2023-11-22,16.4,68.34,1015.96,10.63,16.3,8.17,0.0,0
2023-11-23,18.32,54.87,1005.03,9.33,49.54,5.61,7.33,1
2023-11-24,21.56,60.53,1008.66,10.03,51.89,5.02,0.0,0
2023-11-25,17.65,60.24,1007.12,11.77,18.97,8.37,0.0,0
2023-11-26,14.16,74.41,1015.78,9.97,7.4,10.63,1.74,1
2023-11-27,19.71,73.53,1012.99,13.13,38.88,9.32,0.0,0
2023-11-28,20.02,68.82,1005.18,10.66,52.43,4.06,5.2,1
2023-11-29,19.17,54.17,1011.19,11.35,52.37,4.59,3.12,1
2023-11-30,19.46,63.52,1004.67,11.72,24.29,7.53,0.0,0
2023-12-01,19.13,53.14,1012.53,11.22,49.48,7.3,5.6,1
2023-12-02,17.03,67.68,1004.52,9.05,3.85,9.93,1.66,1
2023-12-03,17.22,70.46,1015.44,9.2,29.19,7.2,0.0,0
2023-12-04,14.77,69.36,1014.69,8.4,28.09,9.02,0.0,0
2023-12-05,20.76,53.06,1022.34,9.75,41.65,8.18,4.79,1
2023-12-06,19.73,35.2,1017.04,9.13,36.05,7.47,0.0,0
2023-12-07,18.59,43.95,1010.68,9.53,35.25,6.58,5.44,1
2023-12-08,10.54,72.65,1016.89,9.89,17.34,9.38,0.0,0
2023-12-09,16.01,56.24,1005.81,10.46,39.22,6.95,0.0,0
2023-12-10,23.59,53.1,1007.99,9.99,33.3,7.44,4.56,1
2023-12-11,17.87,74.64,1014.46,9.96,14.01,8.72,0.0,0
2023-12-12,21.15,71.24,1002.01,10.78,7.44,10.99,0.0,0
2023-12-13,15.55,60.08,1012.61,10.15,43.11,7.21,0.0,0
2023-12-14,24.6,57.22,1007.7,11.89,26.07,9.57,8.98,1
2023-12-15,19.54,58.67,1013.31,10.15,12.32,11.08,0.0,0
2023-12-16,20.93,61.9,1007.41,13.61,27.68,8.74,0.0,0
2023-12-17,27.44,74.26,1014.92,9.02,40.3,6.53,11.1,1
2023-12-18,24.85,63.66,1012.9,9.73,30.04,9.24,0.0,0
2023-12-19,19.02,66.39,1019.8,9.35,12.09,10.05,0.0,0
2023-12-20,18.1,70.38,1012.83,10.52,58.46,8.75,0.0,0
2023-12-21,18.96,49.33,1008.96,9.02,38.16,7.69,0.0,0
2023-12-22,21.63,66.65,1011.56,8.7,28.02,9.0,5.36,1
2023-12-23,19.66,57.2,1006.08,9.17,24.57,8.8,0.0,0
2023-12-24,18.74,37.21,1014.83,8.74,24.69,8.32,0.0,0
2023-12-25,24.69,40.7,1015.75,9.9,6.79,9.62,0.0,0
2023-12-26,19.63,50.69,1025.14,10.45,29.87,8.36,0.0,0
2023-12-27,27.36,64.64,1009.69,8.62,14.23,9.94,2.54,1
2023-12-28,20.29,60.88,1011.46,9.66,29.04,9.47,1.12,1
2023-12-29,25.71,61.52,1009.92,12.23,15.03,9.62,0.0,0
2023-12-30,21.14,77.41,1013.86,13.03,22.36,8.08,0.0,0
2023-12-31,23.08,48.43,1014.71,11.53,46.12,6.26,0.0,0
2024-01-01,21.68,53.77,1012.73,8.17,26.38,6.71,0.0,0
2024-01-02,21.27,56.76,1018.43,10.18,29.56,10.03,0.0,0
2024-01-03,25.47,47.39,1009.91,12.43,0.0,9.85,0.0,0
2024-01-04,27.16,54.27,1017.93,9.41,18.06,10.16,0.0,0
2024-01-05,24.13,39.62,1015.69,8.73,25.66,8.69,0.0,0
2024-01-06,19.88,66.7,1012.94,12.21,33.57,8.07,3.03,1
2024-01-07,19.65,47.88,1011.42,12.62,0.0,10.36,0.0,0
2024-01-08,19.43,72.3,1025.13,10.01,36.08,6.55,0.0,0
2024-01-09,18.34,53.72,1008.91,8.73,30.35,6.81,0.0,0
2024-01-10,24.35,63.27,1014.49,8.43,46.29,8.72,0.0,0
2024-01-11,27.6,53.54,1009.25,10.57,16.99,9.22,8.99,1
2024-01-12,23.96,53.74,1021.92,9.24,0.0,11.85,0.0,0
2024-01-13,16.77,48.76,1017.43,9.92,10.55,11.28,0.0,0
2024-01-14,23.39,55.09,1009.6,9.77,11.9,9.02,0.0,0
2024-01-15,23.48,56.88,1015.56,9.0,36.49,7.97,3.17,1
2024-01-16,30.71,46.96,1014.28,8.41,0.0,10.55,0.0,0
2024-01-17,19.34,52.89,1010.41,9.44,19.41,7.49,0.0,0
2024-01-18,22.75,48.52,1016.79,10.24,41.94,6.78,0.0,0
2024-01-19,29.46,74.71,1014.94,10.32,34.5,8.33,0.0,0
2024-01-20,25.44,53.21,1014.07,9.17,37.02,6.82,0.0,0
2024-01-21,25.8,67.92,1012.79,12.56,10.21,9.26,0.0,0
2024-01-22,24.37,52.26,1015.15,8.8,4.15,9.95,3.81,1
2024-01-23,25.06,56.35,1014.14,11.89,45.38,9.25,0.0,0
2024-01-24,26.49,42.12,1013.29,10.19,22.03,6.46,0.0,0
2024-01-25,21.41,49.99,1009.79,9.45,25.36,8.99,0.0,0
2024-01-26,26.81,55.91,1021.47,10.81,11.97,9.2,0.0,0
2024-01-27,19.61,68.29,1007.74,9.69,33.02,6.98,0.0,0
2024-01-28,25.05,56.01,1015.13,8.57,11.65,9.2,0.0,0
2024-01-29,24.57,66.47,1011.4,8.75,46.37,7.44,3.72,1
2024-01-30,22.03,59.78,1021.79,9.61,63.6,6.07,0.0,0
2024-01-31,23.93,,1008.48,9.31,38.15,7.54,0.0,0
2024-02-01,26.01,48.61,1009.29,11.85,15.39,10.53,1.22,1
2024-02-02,24.57,70.65,1008.12,9.28,0.0,12.02,0.0,0
2024-02-03,26.87,44.77,1014.58,9.22,0.13,11.47,0.0,0
2024-02-04,24.47,42.24,1006.1,9.09,41.18,6.41,0.0,0
2024-02-05,29.03,38.25,1010.57,9.02,5.91,10.6,0.0,0
2024-02-06,24.32,70.12,1002.21,9.05,27.85,8.78,0.0,0
2024-02-07,30.28,56.51,1014.17,8.67,35.48,6.56,0.0,0
2024-02-08,24.22,46.13,1010.47,10.28,41.87,5.13,0.0,0
